-- phpMyAdmin SQL Dump
-- version 3.3.9
-- http://www.phpmyadmin.net
--
-- Servidor: localhost
-- Tiempo de generación: 02-05-2013 a las 21:34:44
-- Versión del servidor: 5.5.8
-- Versión de PHP: 5.3.5

SET SQL_MODE="NO_AUTO_VALUE_ON_ZERO";


/*!40101 SET @OLD_CHARACTER_SET_CLIENT=@@CHARACTER_SET_CLIENT */;
/*!40101 SET @OLD_CHARACTER_SET_RESULTS=@@CHARACTER_SET_RESULTS */;
/*!40101 SET @OLD_COLLATION_CONNECTION=@@COLLATION_CONNECTION */;
/*!40101 SET NAMES utf8 */;

--
-- Base de datos: `recipes`
--

-- --------------------------------------------------------

--
-- Estructura de tabla para la tabla `app`
--

CREATE TABLE IF NOT EXISTS `app` (
  `id` int(11) NOT NULL AUTO_INCREMENT,
  `nombre` text NOT NULL,
  PRIMARY KEY (`id`)
) ENGINE=InnoDB  DEFAULT CHARSET=latin1 AUTO_INCREMENT=25 ;

--
-- Volcar la base de datos para la tabla `app`
--

INSERT INTO `app` (`id`, `nombre`) VALUES
(11, 'Manuvo'),
(12, 'Gersain Aguilar Pardo');

-- --------------------------------------------------------

--
-- Estructura de tabla para la tabla `categoria`
--

CREATE TABLE IF NOT EXISTS `categoria` (
  `id` int(11) NOT NULL AUTO_INCREMENT,
  `id_app` int(11) NOT NULL,
  `nombre` text NOT NULL,
  `color` text NOT NULL,
  `orden` int(11) NOT NULL,
  PRIMARY KEY (`id`)
) ENGINE=InnoDB  DEFAULT CHARSET=latin1 AUTO_INCREMENT=29 ;

--
-- Volcar la base de datos para la tabla `categoria`
--

INSERT INTO `categoria` (`id`, `id_app`, `nombre`, `color`, `orden`) VALUES
(10, 12, 'Desayunos salados', '129,41,144', 0),
(11, 12, 'Desayunos dulces', '0,90,171', 0),
(12, 12, 'Bebidas', '45,123,123', 0),
(26, 18, 'Prueba nueva', '109,109,166', 0),
(27, 20, 'zxzxc', '75,75,194', 0),
(28, 21, 'test', '73,43,168', 0);

-- --------------------------------------------------------

--
-- Estructura de tabla para la tabla `conf`
--

CREATE TABLE IF NOT EXISTS `conf` (
  `id` int(11) NOT NULL AUTO_INCREMENT,
  `nombre` text NOT NULL,
  `valor` text NOT NULL,
  PRIMARY KEY (`id`)
) ENGINE=InnoDB DEFAULT CHARSET=latin1 AUTO_INCREMENT=1 ;

--
-- Volcar la base de datos para la tabla `conf`
--


-- --------------------------------------------------------

--
-- Estructura de tabla para la tabla `glosario`
--

CREATE TABLE IF NOT EXISTS `glosario` (
  `id` int(11) NOT NULL AUTO_INCREMENT,
  `id_app` int(11) NOT NULL,
  `nombre` text NOT NULL,
  `descripcion` text NOT NULL,
  `imagen` text,
  PRIMARY KEY (`id`)
) ENGINE=InnoDB  DEFAULT CHARSET=latin1 AUTO_INCREMENT=225 ;

--
-- Volcar la base de datos para la tabla `glosario`
--

INSERT INTO `glosario` (`id`, `id_app`, `nombre`, `descripcion`, `imagen`) VALUES
(155, 12, 'chamorro', 'Pantorrilla del cerdo que se prepara en cocido u horneada, al natural o bañada con salsa de chile pasilla. Esta parte del cerdo también es muy apreciada como parte de las carnitas.           			', 'chamorro'),
(156, 12, 'chile ancho', 'Chile seco de color café rojizo, que mide en promedio 12 cm de largo y 7 cm en su parte más ancha. Tiene forma triangular y su piel es de textura rugosa y brillante. Los mejores son flexibles al tacto y nunca tiesos. Al remojarse adquiere un color rojo ladrillo, por ello es el encargado de colorear la gran mayoría de los guisos rojos. Es tal vez, el chile más utilizado en formas diferentes. Fresco es el chile poblano.          			', 'chile_ancho'),
(157, 12, 'chicharrón ', 'Piel de cerdo oreada y frita, de textura crujiente, muy acostumbrada en México. \r\n             			', 'chicrarron'),
(158, 12, 'chile serrano', 'Chile fresco pequeño de forma cilíndrica, terminado en punta. Mide en promedio de 3 a 5 cm de largo y 1 de diámetro. En su gran mayoría se consume inmaduro, es decir, color verde, aunque al madurar se vuelve rojo y se utiliza de la misma manera. Se considera picoso y generalmente se ocupa con sus semillas y venas, también muy picosas. Posee cáscara tersa y brillante, nuca opaca o arrugada. El nombre de este chile se debe a que se empezó a cultivar en la sierra de Puebla, Hidalgo y Estado de México. También llamado chile verde; de hecho, cuando las recetas no mencionan el tipo de chile o simplemente dicen chile verde se sobrentiende que se trata del serrano. Conocido también como chile Altamira (Tamaulipas), chile cotlaxtla, chile costeño, chile Pánuco (Cotaxtla, Veracruz), chile serrano tampiqueño, chile tampiqueño (sierra de Puebla).', 'chile_serrano'),
(159, 12, 'epazote', '(Chenopodium ambrosioides) Hierba aromática de la familia de las quenopodiáceas, nativa de Mesoamérica, empleada como tal desde la época prehispánica. La planta es ramosa, de hojas alternas, color verde claro, alargadas, elípticas y lanceoladas, irregularmente aserradas y ligeramente pecioladas. Su nombre deriva del náhuatl epazotl, de epatl, zorrillo y tzotl, suciedad, o sea suciedad de zorrillo. Esta denominación se debe a su olor cuando está crudo, que para muchos es desagradable. En realidad, su aroma tan especial no es notorio cuando se recolecta y sólo al cocerse y mezclarse con otros ingredientes se aprecia en plenitud. Conocido también como : apazote, pazote o yepazotl (náhuatl).', 'epazote'),
(160, 12, 'mole', 'Del náhuatl mulli, salsa o guiso. Término que designa una infinidad de guisos complejos, por lo regular elaborados con una salsa espesa. El más conocido es un mole oscuro que en todo el país se conoce como mole poblano, aunque es importante aclarar que en el país se elaboran moles de colores, sabores y texturas diferentes, que son tan auténticos como el de la angélica ciudad. También define a sopas sustanciosas, como el mole de panza en Tlaxcala, el mole de olla o el michmole. Es sabido que en la época prehispánica se preparaban diversas salsas molidas y complejas, que al paso de los años y siglos se fueron modificando, refinando y adaptando a los nuevos ingredientes y técnicas culinarias.   ', 'mole'),
(161, 12, 'frijol bayo', '(Phaseolus vulgaris) Variedad de frijol que puede tener tonos desde café claro hasta café oscuro. Como su nombre lo indica, la testa de los frijoles manchados presenta puntos de distintos colores; entre los más importantes están el canelo claro, el canelo oscuro, el vaquita y, en especial, el flor de mayo.             			', 'frijol_bayo'),
(162, 12, 'huarache', '(o guarahce) Antojito de maíz similar al tlacoyo pero más grande y alargado, que se acostumbra servir con una gran variedad de ingredientes o guisados encima, como carnes de cerdo, res o pollo, huevo, tinga, longaniza, chorizo, nopales y mole, entre otros. Se cuenta que en 1938, la vendedora de tlacoyos, Carmen Gómez, adquirió un local en el mercado de Jamaica, ciudad de México y a partir de entonces, los tlacoyos adoptaron el nombre de huaraches, debido a su forma y tamaño, similares a los huaraches que se utilizaban antiguamente.          			', 'huarache'),
(163, 12, 'chile de árbol', 'Chile alargado y delgado que mide en promedio 7 cm de largo y 1 de ancho. Cuando es fresco es de color verde y al madurar se torna rojo. De sabor picante, con cierta similitud a un chile serrano picoso. El chile de árbol seco es de color rojo brillante y muy picante, ésta es la forma en que más se consume. La planta que lo produce es más alta que otras variedades, mas no es un árbol.        			', 'chile_arbol\r\n'),
(164, 12, 'chile cuaresmeño', 'Nombre con el que también se conoce al chile jalapeño.        			', 'chile_cuaresmeno'),
(165, 12, 'chile guajillo', 'Chile seco color café rojizo, de piel tersa y brillante, forma triangular alargada; mide en promedio 10 cm de largo y cuatro en su parte más ancha. Es muy utilizado porque da color rojo y consistencia a los guisos, moles y salsas. \r\n\r\nCuando está fresco se llama chile mirasol.  \r\n\r\nTambién se le conoce como chile cascabel (Bajío, Chihuahua, huastecas), chile chilaca roja ancha (Estado de México), chile cuachalero (Colima, Jalisco), chile guajillo dulce  (Distrito Federal), chile guajillo que no pica (Distrito Federal), chile guajío (San Luis Potosí), chile guajón (San Luis Potosí, Zacatecas), chile mirasol (Jalisco), chile travieso, chile tres venas (San Luis Potosí).', 'chile_guajillo\r\n'),
(166, 12, 'nopal', '(Opuntia spp.) Nombre genérico que se emplea para designar diversas plantas del género Opuntia, originarias del continente americano. Son cactáceas con tallos o pencas tiernas, de forma ovalada, carnosas, aplanadas, delgadas, con espinas y líquido mucilaginoso que se conoce como baba. Entre las variedades domesticadas destacan: Opuntia megacantha y Opuntia ficus-indica, que es la variedad más utilizada para preparar nopalitos.  Siempre se procura eliminar la baba cociendo el nopal en abundante agua, al vapor, con limón o con cáscaras de tomate.', 'nopal'),
(167, 12, 'cecina', 'Carne de res ligeramente salada y oreada; se puede secar al sol o mediante ahumado.\r\n\r\nDel latín siccina, carne seca.\r\n\r\nSuele comerse asada o frita, y es muy común en los estados del centro del país, Chiapas, Oaxaca y Veracruz.             			', 'cecina'),
(168, 12, 'carne seca', 'Carne que se obtiene untándola con sal y dejándola orear hasta que se deshidrata durante unos ocho días, para poder conservarla por largo tiempo.\r\n\r\nSe ocupa de diferentes formas en los estados del norte del país, donde la carne más utilizada es la de res, pero antaño la de venado fue muy popular.', 'carne_seca'),
(169, 12, 'chile cascabel', 'Chile seco de forma casi esférica y color café rojizo.\r\n\r\nMide en promedio unos 3 cm de diámetro, y tiene cáscara tersa y dura.\r\n\r\nEs moderadamente picante, y de sabor agradable que recuerda ligeramente a la nuez.\r\n\r\nCuando se agita este chile, sus semillas suenan como una sonaja o un cascabel, de ahí su nombre.\r\n\r\nCuando está fresco se le llama chile bola.           			', 'chile_cascabel\r\n'),
(170, 12, 'totopo', 'Tortilla de maíz cortada en triángulos  que se fríen hasta quedar crujientes.           			', 'totopitos'),
(171, 12, 'chile habanero', '(Capsicum chinense) Chile fresco de color verde claro cuando joven, que se vuelve amarillo y más tarde anaranjado en su etapa madura.\r\n\r\nTiene textura suave y forma globosa. Mide 4 cm de largo y tres de ancho y se considera el chile más picoso de todo el país. Es el chile clásico de la comida yucateca.\r\nDe manera reciente se le otorgó la denominación de origen llamándole Chile Habanero de Yucatán.             			', 'chile_habanero\r\n'),
(172, 12, 'plátano macho', 'Es el más grande de todos los plátanos; se ocupa inmaduro, maduro y muy maduro. Cuando está inmaduro es verde claro y al madurar se torna amarillo; en este punto es normal que la piel presente manchas negras. Cuando se empieza a pasar de maduro, la piel puede ponerse totalmente negra. Mide unos 30 cm de largo. Se come crudo, frito o cocido. Es también conocido como chapalote o zapalote.            			', 'platano_macho'),
(173, 12, 'chile poblano', 'Chile fresco carnoso, de tamaño grande, de forma cónica aplanada con algunas ondulaciones. Generalmente es verde oscuro con piel brillante, aunque algunas variedades pueden ser más claras. Tiene un sabor particular que no se considera picante. El poblano de primera mide en promedio 12 cm de largo y 6 en su parte más ancha. Casi siempre se utiliza verde, al madurar torna a color rojo intenso, dejándolo secar se vuelve chile ancho. Es el chile más utilizado en todo el país, y del que más hectáreas se siembran. Aunque recibe distintos nombres regionales, se dice que los primeros cultivos formales de este chile comenzaron en el valle de Puebla, de ahí su nombre más común. Es conocido también como  chile ancho (Baja California), chile esmeralda, chile gordo, chile jaral (Estado de México), chile joto (Aguascalientes), chile miahuateco, chile para rellenar, chile pasilla fresco (Colima), chile pasilla verde (Colima), chile verdeño (Aguascalientes).', 'chile_poblano'),
(174, 12, 'queso panela', 'Queso fresco elaborado con leche de vaca pasteurizada, aunque también se produce con una mezcla de leche de vaca y cabra. Es blanco, con textura porosa, suave y esponjosa. Su porcentaje graso es bajo y es muy popular en los estados del centro del país. Para su elaboración, la leche se escurre en canastas especiales que dejan la marca del tejido en la superficie del queso. El nombre de panela presumiblemente se debe a la forma tronco-cónica que adquiere al fabricarse, por lo que recuerda a la panela o piloncillo. Conocido también como asadera (Sinaloa), queso asadera, queso blanco, queso canasta, queso de canasta.', 'queso_panela'),
(175, 12, 'bolillo', 'Pan salado de trigo en forma similar a un rombo, con una hendidura en el frente. Es crujiente por fuera y suave y esponjoso por dentro. Es una de las formas más populares del pan de sal.             			', 'bolillo'),
(176, 12, 'manteca de cerdo', 'Grasa que se obtiene picando el unto del cerdo y poniéndolo a fuego bajo hasta que la mayor parte se derrite, entonces se filtra la grasa líquida y caliente del unto y se obtiene la manteca que, una vez fría, se solidifica. En los pueblos y ciudades de México se producen dos tipos: la oscura y la blanca. Esta última es más clara y por ello se expende más cara. Se utiliza mucho en la cocina tradicional mexicana para freír gran cantidad de antojitos y en la preparación de panes tradicionales, preparar la masa de tamales y para dar un sabor característico a distintos moles, pipianes y otros guisos típicos.', 'manteca_cerdo'),
(177, 12, 'chile costeño ', 'Término con el cual se identifica a cualquier chile que crezca cerca de algunas de las dos grandes costas de México. El nombre puede resultar arbitrario; sin embargo, en diferentes lugares se encuentran chiles típicos a los que se llaman chiles costeños.            			', 'chile_costeno\r\n'),
(178, 12, 'queso fresco', 'Término con el que se denomina a los quesos que no pasan por gran maduración o añejamiento. La mayoría de los quesos en el país son frescos. Por lo general tienen consistencia firme y sabor y textura suaves.            			', 'queso_fresco'),
(179, 12, 'machaca', 'Carne de res salada, secada al sol y machacada, típica del norte del país; puede ser gruesa o fina como pelusa.\r\n\r\nLa machaca de calidad se elabora con lomo de res y no debe presentar nervios o pedazos grandes de grasa.\r\n\r\nLa que se prepara con pulpa negra o aguayón es de inferior calidad, pero con muy buen sabor. Su nombre proviene de la acción de machacar la carne con una piedra o palo, en lugar de cortarla, molerla o hacerla picadillo. Se machaca (según el uso más tradicional) sobre un tronco de mezquite con un marro de madera del mismo árbol hasta lograr el grueso deseado y de nuevo se deja secar. Por lo regular la carne se sala y se deja secar, después se dora en las brasas, se remoja en agua para rehidratarla, retirarle el exceso de sal y ablandarla. Después de remojarla se exprime fuertemente y luego se fríe para prepararla en cualquier guiso.\r\n\r\n<p>Según algunos autores, la machaca se ha elaborado en el norte de nuestro país desde el siglo XVIII, con el fin de conservar la carne para su consumo diario durante largos periodos. <br /></p>             			', 'machaca'),
(180, 12, 'tortilla de harina', 'Tortilla que se prepara con masa de harina de trigo, a la que se añade manteca de cerdo o vegetal, sal y agua; los ingredientes se mezclan hasta lograr una masa homogénea que se deja reposar algunos minutos y se divide en bolitas. Luego se estira hasta obtener los círculos medianos y grandes que se cuecen en el comal por ambos lados. Es la tortilla más utilizada en los estados del norte del país.            			', 'tortilla_harina'),
(181, 12, 'huitlacoche', '(o cuitlacoche) (Ustilago maydis). Deriva del náhuatl cuitlatl, excremento  y cochtli, dormido; es decir, excremento dormido. Hongo parásito que se desarrolla sobre las mazorcas tiernas del maíz. Aparece como un tumor en forma globosa, que infecta los granos de la mazorca, y es grisáceo por fuera y negro en su interior. Abunda de julio a septiembre en la temporada de lluvias en el centro del país. Es uno de los hongos más gustados para los mexicanos del centro del país, tal vez el más importante también. Se considera un ingrediente sofisticado.     			', 'huitlacoche'),
(182, 12, 'panza de res', 'Estómago de res que se vende en los mercados populares crudo o cocido. Recibe diferentes nombres, dependiendo de la parte de los estómagos de la res de la que se trate. Los rumiantes tienen un sistema estomacal compuesto por cuatro porciones: la primera y más grande se localiza inmediatamente después del esófago: es el capote, bonete o panza y tiene forma de una bolsa. Del otro lado hay un área con hexágonos, llamada por ello panal; una tripa conduce al libro, que recibe este nombre pues tiene muchas membranas, una tras otra, como si fueran hojas de papel. Sigue otra bolsa alargada y con dos abultamientos: el primero se llama manzana y el segundo cuajo o cuajar. Por último se encuentra la tripa gorda.', 'pancita'),
(183, 12, 'chile pasilla', 'Chile seco de forma alargada, de 15 a 20 cm de largo y de 2 a 3 de ancho, de color café negruzco, superficie brillante y arrugada, se dice que su nombre se debe a que se arruga como la uva pasa.\r\n\r\nEs moderadamente picante, y cuando está fresco es el chile chilaca. Conocido también como: chile achocolatado, chile negro (Michoacán, Baja California), chile pasilla mexicano (Oaxaca), chile pasilla de México (Oaxaca) o chile prieto (Veracruz).', 'chile_pasilla'),
(184, 12, 'queso Chihuahua', 'Queso de pasta semidura elaborado con leche de vaca pasteurizada, no cocida. Tiene forma circular aplanada y un peso variable de 1 hasta 10 kg, de sabor y aroma delicado, color amarillo y consistencia que permite fundirlo fácilmente.\r\n\r\nSus características, forma y elaboración proceden de los menonitas emigrados de Canadá.\r\n\r\nSe produce principalmente en Chihuahua . Conocido también como queso de rueda, queso menonita o queso rueda.          			', 'queso_chihuahua'),
(185, 0, 'chile chipotle', '(o chile chipocle) Del náhuatl chilli, chile, y poctli, humo, o sea chile ahumado. Chile seco y ahumado de color café oscuro, y de textura arrugada. Es uno de los chiles secos más picosos. Mide en promedio 6 cm de largo y unos 2.5 en su parte más ancha. Cuando está fresco se le llama chile jalapeño. La técnica de ahumarlos data de la época prehispánica.           			', 'chile_chipotle\r\n'),
(186, 12, 'quesadilla', 'Antojito que consiste en una tortilla de masa de maíz doblada a la mitad en forma de media luna, rellena con queso fresco para derretir o algún otro guiso (tinga, papa, hongos, picadillo, ropa vieja, cuitlacoche, rajas, etc.) y cocida en comal o frita. En algunas regiones, especialmente en el norte del país, se pone a la quesadilla básica queso amarillo o queso Chihuahua y, en lugar de tortilla de maíz, se utiliza tortilla de harina de trigo. En los estados del sur y sureste del país, el término quesadilla se reserva exclusivamente para las rellenas de queso; a las demás se les llama empanadas.', 'quesadillas'),
(187, 12, 'quelite cenizo', '(Chenopodium album) Planta robusta que puede alcanzar hasta 1 m de altura. Su tallo y sus ramas son estriadas y sus hojas ovadas, con los bordes ligeramente dentados y cubiertas de un polvo blanquecino al que debe su nombre. Se consume principalmente en el centro del país. Casi siempre las hojas y tallos tiernos se cuecen al vapor, se fríen y se consumen como los demás quelites, en salsas o ensaladas. Conocido también como bledo o quelite. Conocido en náhuatl de la sierra Norte de Puebla como: nexuaquili o nexuaquilitl o nexuaug.', 'quelite_cenizo'),
(188, 12, 'requesón', 'Cuajada que se saca de los residuos del suero después de producido el queso. Se vende en las cremerías o queserías de los mercados populares. Se acostumbra comer en casi todo el país y se procura que esté fresco, ya que se descompone con rapidez.  			', 'requeson'),
(189, 12, 'sope', 'Tortilla de maíz gruesa con el borde levantado o “pellizcado”, con el objetivo de que contenga dentro diversos ingredientes. El diámetro del sope varía de acuerdo con la región. Se utiliza para elaborar el antojito del mismo nombre.  El antojito, se elabora añadiendo diversos ingredientes según la región a la preparación de maíz.             			', 'sope'),
(190, 12, 'frijol refrito', 'Frijoles cocidos, machacados o licuados que se fríen con manteca de cerdo o aceite hasta que el caldo se ha evaporado y quede una pasta firme y suave que durante la cocción permita ver el fondo del sartén y la pasta se despegue con facilidad y forme una especie de bolillo o pan al sacarla de ahí. Es una de las formas más importantes y habituales de cocinar los frijoles en México.          			', 'frijol_refrito'),
(191, 12, 'tamal', 'Del náhuatl tamalli. Preparación de origen prehispánico elaborada con masa de maíz batida; se rellena con salsa , algún tipo de carne, o sola; generalmente se envuelve en hojas de maíz o plátano, y se cuece al vapor. También se preparan tamales dulces. La forma de envolverlo varía, aunque predomina la alargada y gruesa con hoja de maíz, y la rectangular o cuadrada en hoja de plátano. También los hay triangulares como las corundas, o largos y gruesos, como el zacahuil.           			', 'tamal'),
(192, 12, 'chile mulato', 'Chile seco color café negruzco, de piel gruesa y cuerpo carnoso, con forma y color parecidos a los del chile ancho. De sabor dulzón, con notas de chocolate, suave y sólo algunas veces picoso. Mide en promedio 12 cm de largo por 7 de ancho. Se obtiene de un tipo de chile poblano muy oscuro que casi nunca sale a la venta cuando está fresco, pues los agricultores lo conservan para secarlo y venderlo como chile mulato. Es muy importante en la preparación de los moles, especialmente en el poblano. Es fácil confundirlo con el chile ancho, para distinguirlos se deberán abrir y mirarse a trasluz: el ancho se verá color rojo y el mulato, café.', 'chile_mulato\r\n'),
(193, 12, 'hoja santa', '(Piper sanctum) Planta aromática de la familia de las piperáceas. Sus hojas son verdes tienen forma acorazonada, textura suave, delgada, brillante en la cara superior y opaca en la inferior. Su tamaño varía, dependiendo del lugar donde crezca: pueden alcanzar entre los 12 y 25 cm de diámetro. Crece en lugares húmedos, de forma silvestre; también se cultiva en huertos familiares. Su aroma y sabor recuerdan al anís. Es originaria de México. Conocida también como acuyo, hoja santa, momo o tlanepa, entre otros nombres.    			', 'hoja_santa'),
(195, 12, 'hoja de plátano asado', '             				(Musa spp.) Hoja del árbol del plátano, de la familia de las musáceas. Es de gran tamaño, verde claro u oscuro, forma ovada con una costilla gruesa en el centro. Después de cortarla, se le retira la costilla y se emplea para envolver diferentes alimentos, especialmente tamales. Antes de utilizarla se pasa sobre un comal, parrilla o quemador caliente para suavizarla; en ocasiones se hierve en agua para obtener el mismo resultado.           			             			', 'hoja_platano'),
(196, 12, 'hoja de maíz', '(o totomoxtle) Del náhuatl totomochtli. Hojas secas, rugosas y quebradizas que envuelven la mazorca del maíz. Por su resistencia se emplean para envolver tamales. Antes de usarse se deben remojar en agua, al menos por dos horas, para que se vuelvan flexibles. Se utilizan también para cubrir alimentos como la conserva del torno largo, achiote y piloncillo, entre otros. Su uso data de la época prehispánica. En la península de Yucatán se le conoce como joloch del maya ho’loch, de ahí que envolver un tamal en dicha región se denomine enjolochar.             			', 'hoja_maiz'),
(197, 12, 'tasajo ', '(Cecina) Carne de res ligeramente salada y oreada; se puede secar al sol o mediante ahumado. En Oaxaca a la cecina se la llama tasajo y también está cortada en tiras, pero suele ser una carne ligeramente más gruesa, salada y dura que la del centro del país. El tasajo oaxaqueño casi siempre es de carne de res, aunque en ocasiones se prepara con cerdo. La carne se pasa por agua caliente o se cuece antes de asarla o freírla.           			', 'tasajo'),
(198, 12, 'capulín', 'Del náhuatl capolin o capulín.\r\n\r\nFrutos de familias diferentes con similares características, entre los cuales se consumen las siguientes variedades: Ardisia compressa, Ardisia escallonoides, Eugenia acapulcensis, Muntigia calabura, Prunus serotina, Vitex pyramidata.             			', 'capulin'),
(199, 12, 'tuna', 'Fruto ovalado o periforme del nopal, con cáscara gruesa y pequeñas espinas que parecen pelusa.\r\n\r\nTodo su interior está lleno de una pulpa carnosa, suave y dulce, con semillas comestibles.\r\n\r\nSe consume como fruta fresca. Suele ser muy dulce y consumirse en temporada de calor.\r\n\r\nExisten muchas variedades que se consumen en México, entre las que encontramos  la tuna reina (Opuntia albicarpa), tuna tapona (Opuntia robusta) y la tuna cardona (Opuntia streptacantha).', 'tuna'),
(200, 12, 'nata', 'Grasa que se encuentra emulsionada en la leche bronca o cruda; al dejar reposar la leche durante cierto tiempo, la grasa se separa de la leche y flota en la superficie; de esta forma se obtiene la nata, que se utiliza en varias regiones de México como ingrediente para preparar un sinnúmero de panes, galletas, gorditas y postres, o bien, se bate con sal para elaborar mantequilla.           			', 'nata'),
(201, 12, 'polvorón', 'Panecillo o galleta dura, quebradiza. En ocasiones su masa es muy suave y en otras crujiente. Su origen es morisco y llegó a México después de la Conquista. En México existen muchas variedades.            			', 'polvoron'),
(202, 12, 'azúcar glass', '(o azúcar lustre) Este azúcar cristalizado, molido muy fino hasta formar un polvo impalpable, incluye un 3% de almidón para evitar que cuaje en bloque.\r\n\r\nSirve para espolvorear, recubrir o decorar los pasteles horneados e interviene con frecuencia en la pastelería.         			', 'azucar_glass'),
(203, 12, 'piloncillo', '(o panela  o panocha). Edulcorante elaborado a partir de melcocha prieta o miel de azúcar no clarificada en forma de cono truncado. Los indígenas de la sierra de Puebla exprimen la caña de azúcar en trapiches de madera o metal, cuecen el jugo por varias horas; cuando está espeso lo baten y lo vacían en moldes de barro con forma de triángulo truncado; una vez endurecido lo envuelven en hojas de caña para conservarlo. Es un endulzante fácil de encontrar en los mercados populares. Se utiliza en la mayoría de los dulces regionales de México. \r\n', 'pilonchillo'),
(204, 12, ' uchepo', '(huchepo o uchepu). Nombre purépecha con el que se conoce un tamal en hoja de elote fresca. Casi siempre pequeño, se prepara con granos de elote frescos, molidos y mezclados con leche, azúcar, nata o crema y sal. Aunque puede tener un sabor ligeramente dulce, no se considera tamal dulce como la mayoría de los tamales de elote del resto del país. \r\n', 'uchepo'),
(205, 12, 'atole', '(o atol) Bebida caliente y espesa hecha a base de maíz cocido, molido y desleído en agua.\r\n\r\nEl agua y el maíz molido se colocan sobre el fuego dentro de una olla de barro o metal, sin dejar de mover hasta que la mezcla se cuece y espesa.\r\n\r\nEl atole es una de las bebidas más populares en todo México.\r\n\r\nEn cada región se prepara con diferentes ingredientes, de modo que es casi infinita la variedad de sabores de atoles.', 'atole.jpg'),
(206, 12, 'chocolate de metate', 'Preparación de granos de cacao secos y tostados, molidos en metate y mezclados con un poco de azúcar, canela y almendra.\r\n\r\nPrimero se muele la almendra y la canela, después se retira del metate y se empieza a moler el cacao. Antes de moler el cacao, es indispensable colocar una vela bajo el metate para que se caliente previamente la piedra, de esta forma el cacao se muele y derrite al mismo tiempo.\r\n\r\nCuando el cacao está totalmente líquido, se añade el azúcar, la canela y las almendras; todo toma forma de masa homogénea muy suave y caliente.\r\n\r\nMientras se enfría, poco a poco se hacen las tablillas o bolas de chocolate, que al enfriarse totalmente estarán duras y solamente se podrán derretir al mezclarse con agua o leche caliente.\r\n\r\nEstrictamente se le llama chocolate de metate al que se prepara con este procedimiento. ', 'chocolate_metate'),
(207, 12, 'pingüica', '(Arctostaphylos pungens)\r\n\r\nFruto en forma de drupa. Pertenece a la familia de las ericánceas; mide entre 5 y 8 mm de diámetro.\r\n\r\nLa pingüica es lisa, de color rojo oscuro o rojo amarillento y sabor agridulce; crece en un arbusto que mide entre 2 y 4 metros de altura. Se consume en el centro del país cuando está seca.', 'pinguica'),
(208, 12, 'queso añejo', 'Queso que se deja secar hasta que encuentra una buena consistencia y se torna con un determinado aroma.', 'queso_anejo'),
(209, 0, 'colimotes', 'Gentilicio de la capital de Colima, estado ubicado en la región occidental del país. \r\n', 'imagen_colimote'),
(210, 12, 'tortilla de maiz', 'Elaborada con granos de maiz martajados.', 'tortilla_maiz'),
(211, 12, 'chile jalapeño', 'Descripcion del chile jalapeño', 'chile_jalapeno\r\n'),
(216, 12, 'Mole negro', 'También conocido como "Mole Negro" es la variante local (oaxaqueña) del mole.\r\n\r\nEsta salsa, que presenta un color más oscuro que el del mole [gredientes entre los que destacan los chiles: "chilhuacle negro", "mulata", que contribuyen a su coloración, así como hojas de aguacate tostadas, cacahuates, nueces, cebollas, semillas de anís, chocolate, etc.\r\n\r\nAsí mismo, el mole puede ser presentado en pastas en donde solo faltaría agregar caldo de pollo para servir en la mesa.', 'mole_negro'),
(217, 0, '0', 'Esta es una descripción, \r\n\r\nasd\r\nasd\r\nas\r\nda\r\nsd\r\nas\r\ndas\r\nd', 'imagen_fancy'),
(218, 0, '0', 'adsfsdf\r\nsdf\r\ns\r\ndfs\r\ndf\r\nsdf\r\nsdf', 'jksdfsdf'),
(223, 18, 'Editado', 'vhjgv', 'imagen'),
(224, 18, 'zmhg', 'hghgh', 'cgfh');

-- --------------------------------------------------------

--
-- Estructura de tabla para la tabla `recetas`
--

CREATE TABLE IF NOT EXISTS `recetas` (
  `id` int(11) NOT NULL AUTO_INCREMENT,
  `titulo` text NOT NULL,
  `id_categoria` int(11) NOT NULL,
  `id_app` int(11) NOT NULL,
  `procedimiento` text NOT NULL,
  `ingredientes` text NOT NULL,
  `preparacion` int(11) NOT NULL,
  `coccion` int(11) NOT NULL,
  `costo` int(11) NOT NULL,
  `foto` text NOT NULL,
  `user_fav` int(11) NOT NULL,
  `dificultad` int(11) NOT NULL,
  `preparada` int(11) NOT NULL,
  PRIMARY KEY (`id`),
  KEY `id_app_idx` (`id_app`)
) ENGINE=InnoDB  DEFAULT CHARSET=latin1 AUTO_INCREMENT=124 ;

--
-- Volcar la base de datos para la tabla `recetas`
--

INSERT INTO `recetas` (`id`, `titulo`, `id_categoria`, `id_app`, `procedimiento`, `ingredientes`, `preparacion`, `coccion`, `costo`, `foto`, `user_fav`, `dificultad`, `preparada`) VALUES
(57, 'Birria', 5, 11, '   <p>Birria</p>\n\n<p>• Añada sal a la carne y deje reposar por unos minutos.</p>\n\n<p>• Licue los chiles con el resto de los ingredientes hasta obtener una salsa tersa y espesa. En caso de ser necesario, agregue un poco de agua; verifique la sal.<br />\n• Marine la carne con el molido de chiles durante una noche en refrigeración.<br />\n• Al día siguiente, coloque una rejilla dentro de una olla de presión, añada agua hasta casi tocarla, ponga encima de la rejilla un trozo de penca de maguey y acomode la carne. Cierre y cueza durante 1 hora a partir de que el vapor comience a escapar de la olla. Verifique la sal del jugo de carne que obtuvo de la cocción.</p>\n\n<p><br />\nSalsa de chile cascabel</p>\n\n<p>• Licue todos los ingredientes hasta obtener una salsa tersa; verifique la sal.</p>\n\n<p><br />\nPresentación</p>\n\n<p>• Sirva la birria caliente y acompañe con la salsa, el orégano, la cebolla, las tortillas de maíz y los limones.<br />\nSi lo desea, cuando la carne esté cocida deje hervir durante unos minutos en el jugo de carne.”<br /></p>', '   <p>                                                            “Birria</p>\n\n<p>1  kg de carne maciza de chivo cortada </p>\n\n<p>en trozos medianos<br />\n½  kg de chamorro o costilla de chivo<br />\nsal al gusto<br />\n2  chiles ancho desvenados, sin semillas, asados y remojados<br />\n3  chiles guajillo desvenados, sin semillas, asados y remojados<br />\n2  chiles cascabel desvenados, sin semillas, asados y remojados<br />\n2  chiles mora desvenados, sin semillas, asados y remojados<br />\n4  dientes de ajo<br />\n½  cebolla<br />\n½  cucharadita de cominos<br />\n10  pimientas negras<br />\n2  clavos de olor<br />\n1  cucharadita de orégano<br />\n½  taza de vinagre blanco</p>\n\n<p><br />\nSalsa de chile cascabel</p>\n\n<p>250 g de jitomate asado, pelado <br />\ny sin semillas<br />\n4 chiles cascabel desvenados, sin semillas, asados y remojados<br />\n1 taza del jugo de cocción de la carne, <br />\nsin grasa<br />\nsal al gusto</p>\n\n<p><br />\nPresentación</p>\n\n<p>orégano al gusto<br />\ncebolla picada al gusto<br />\ntortillas de maíz al gusto<br />\nlimones partidos al gusto”<br /></p>', 90, 90, 3, 'imagen_04', 0, 1, 0),
(58, 'Cecina', 10, 11, '   <p> &nbsp;  &nbsp;  &nbsp;  &nbsp;  &nbsp;  &nbsp;   “Cecina</p>\n\n<p>• Ase la cecina en una parrilla con un poco de aceite. <br />\nEnsalada de nopales y habas<br />\n• Mezcle todos los ingredientes y reserve.</p>\n\n<p><br />\nSalsa de chile ancho</p>\n\n<p>• Hierva en un poco de agua los chiles ancho para hidratarlos; cuando estén suaves, lícuelos con los demás ingredientes y reserve.</p>\n\n<p><br />\nPresentación</p>\n\n<p>• Sirva la cecina acompañada del queso, las cebollas cambray, el aguacate, la ensalada de nopales y habas y la salsa de chile ancho.”<br /></p>', '   <p> &nbsp;  &nbsp;  &nbsp;  &nbsp;  &nbsp;  &nbsp;   “Cecina</p>\n\n<p>1 kg de cecina<br />\nc/s de aceite</p>\n\n<p><br />\nEnsalada de nopales y habas</p>\n\n<p>6 nopales cocidos en agua con sal <br />\ny cortados en cubos<br />\n300 g de habas frescas cocidas, sin cáscara<br />\n3 jitomates pelados, sin semillas y cortados en cubos pequeños<br />\n1 cebolla picada finamente<br />\n½ taza de cilantro picado<br />\n4 cucharadas de aceite de oliva<br />\n4 cucharadas de vinagre blanco<br />\n2 cucharadas de orégano<br />\nqueso fresco desmoronado al gusto (opcional)<br />\nsal al gusto</p>\n\n<p><br />\nSalsa de chile ancho</p>\n\n<p>6 chiles ancho sin semillas <br />\nni venas<br />\n1 jitomate asado<br />\n2 dientes de ajo asados<br />\n1 cucharadita de orégano<br />\n¼ de raja de canela asada<br />\n3 cucharadas de vinagre <br />\nde manzana<br />\nsal al gusto</p>\n\n<p><br />\nPresentación</p>\n\n<p>300 g de queso fresco cortado <br />\nen rebanadas delgadas (opcional)<br />\n18 cebollas cambray asadas<br />\n1 aguacate cortado en rebanadas (opcional)”<br /></p>', 20, 15, 6, 'saladas_02', 0, 2, 0),
(59, 'Chicharrón en salsa verde', 10, 11, '<p>&nbsp;  &nbsp;  &nbsp;  &nbsp;  &nbsp;  &nbsp;  &nbsp; &#8220;Salsa verde</p>\n\n<p>• Ase a fuego medio los chiles, los tomates, la cebolla y el ajo.<br />\n• Pele el ajo y licue los ingredientes asados con el cilantro y sal. Si es necesario, agregue un poco de caldo de pollo para obtener una consistencia más ligera.<br />\n• Caliente la manteca en una cacerola a fuego alto, vierta la salsa y cocine por 5 minutos moviendo de vez en cuando para que no se pegue.</p>\n\n<p><br />\nPresentación</p>\n\n<p>• Añada el chicharrón a la salsa y cueza hasta que éste se ablande; verifique la sal.<br />\n• Sirva caliente acompañado con los frijoles de la olla y las tortillas de maíz.</p>\n\n<p>Éste es un platillo para desayunar muy acostumbrado en la zona centro del país. <br />\nSe consume por igual en la mañana o al mediodía.&#8221;<br /></p>', '<p>&nbsp;  &nbsp;  &nbsp;  &nbsp;  &nbsp;  &nbsp;  &nbsp; &#8220;Salsa verde</p>\n\n<p>4 chiles serrano verdes<br />\n750 g de tomates troceados<br />\n1 cebolla<br />\n1 diente de ajo grande con piel<br />\n½ taza de cilantro troceado<br />\nsal al gusto<br />\nc/s de caldo de pollo<br />\n3 cucharadas de manteca de cerdo</p>\n\n<p><br />\nPresentación</p>\n\n<p>350 g de chicharrón de cerdo cortado <br />\nen trozos<br />\nfrijoles de la olla al gusto (ver pág. 18)<br />\ntortillas de maíz al gusto&#8221;<br /></p>', 10, 15, 1, 'saladas_03', 0, 1, 0),
(60, 'Chilaquiles colimotes', 10, 11, '<p>&nbsp;  &nbsp;  &nbsp;  &nbsp;  &nbsp;  &nbsp;  &nbsp; &#8220;Salsa roja</p>\n\n<p>• Cueza los jitomates con los chiles y el agua; retire del fuego y deje enfriar.<br />\n• Licue los jitomates con el agua de cocción, los chiles, la cebolla y los ajos hasta obtener una salsa tersa y fina.<br />\n• Caliente el aceite en una olla y vierta la salsa. Deje cocer durante algunos minutos y agregue sal. Reserve caliente.</p>\n\n<p><br />\nChilaquiles</p>\n\n<p>• Fría los triángulos de tortilla en abundante aceite caliente. Cuando estén ligeramente dorados, retire el aceite y vierta los huevos batidos; mezcle hasta que estén cocidos.<br />\n• Añada la salsa y deje cocinar por unos minutos más; verifique la sal y retire del fuego.</p>\n\n<p><br />\nPresentación</p>\n\n<p>• Sirva los chilaquiles acompañados del queso añejo, la crema y la cebolla.</p>\n\n<p>En un clásico desayuno colimense, no pueden faltar estos chilaquiles, un tamal <br />\nde ceniza y un birote. Todo puede disfrutarse mejor con un vaso de tuba.&#8221;<br /></p>', '<p>&nbsp;  &nbsp;  &nbsp;  &nbsp;  &nbsp;  &nbsp;  &nbsp; &#8220;Salsa roja</p>\n\n<p>½ kg de jitomates<br />\n2 chiles jalapeño<br />\n2 tazas de agua<br />\n½ cebolla<br />\n2 dientes de ajo<br />\n2 cucharadas de aceite<br />\nsal al gusto</p>\n\n<p><br />\nChilaquiles</p>\n\n<p>12 tortillas de maíz cortadas en triángulos pequeños<br />\nc/s de aceite para freír<br />\n6 huevos batidos ligeramente<br />\nsal al gusto</p>\n\n<p><br />\nPresentación</p>\n\n<p>½ taza de queso añejo rallado<br />\n½ taza de crema<br />\n½ cebolla fileteada&#8221;<br /></p>', 10, 15, 1, 'saladas_04', 0, 2, 0),
(61, 'Chilaquiles verdes con pollo', 10, 11, '<p>&nbsp;  &nbsp;  &nbsp;  &nbsp;  &nbsp;  &nbsp;  &nbsp; &#8220;Salsa</p>\n\n<p>• Cueza los tomates con los chiles y el caldo de pollo. Retire del fuego, deje enfriar y lícuelos con la cebolla, los ajos y el cilantro hasta obtener una salsa tersa.<br />\n• Caliente el aceite en una olla y fría la salsa. Pruebe y ajuste la cantidad de sal. En el último hervor añada la rama de epazote.<br />\nChilaquiles<br />\n• Sumerja en la salsa los triángulos de tortilla fritos; deje hervir un par de minutos y retire del fuego.</p>\n\n<p><br />\nPresentación</p>\n\n<p>• Sirva inmediatamente acompañados con el pollo deshebrado, el queso fres­co, la crema y la cebolla.</p>\n\n<p>Si desea, sustituya el pollo por huevo. Gratínelos con queso Chihuahua <br />\no manchego antes de servir.&#8221;<br /></p>', '<p>&nbsp;  &nbsp;  &nbsp;  &nbsp;  &nbsp;  &nbsp;  &nbsp; &#8220;Salsa</p>\n\n<p>½ kg de tomates<br />\n6 chiles serrano verdes<br />\n2 tazas de caldo de pollo<br />\n½ cebolla<br />\n2 dientes de ajo<br />\n½ taza de cilantro troceado<br />\n3 cucharadas de aceite<br />\nsal al gusto<br />\n1 rama de epazote</p>\n\n<p><br />\nChilaquiles</p>\n\n<p>½ kg de tortillas de maíz cortadas <br />\nen triángulos y fritas</p>\n\n<p><br />\nPresentación</p>\n\n<p>1 pechuga de pollo cocida y deshebrada<br />\n1 taza de queso fresco rallado<br />\n½ taza de crema (opcional)<br />\n½ cebolla cortada fileteada&#8221;<br /></p>', 10, 15, 1, 'saladas_05', 0, 2, 0),
(62, 'Enfrijoladas', 10, 11, '<p>&nbsp;  &nbsp;  &nbsp;  &nbsp;  &nbsp;  &nbsp;  &nbsp; &#8220;Frijoles de la olla</p>\n\n<p>• Coloque los frijoles, la cebolla, el diente de ajo y 1 litro de agua dentro de una olla de presión, cierre y ponga sobre el fuego. Cuente de 30 a 35 minutos de cocción a partir de que empiece a escapar el vapor de la olla.<br />\n• Retire del fuego, deje enfriar por completo la olla, destápela y añada la manteca, el epazote, sal, y si lo desea, el agua restante. Ponga a hervir nuevamente para que se integren los sabores. Reserve.</p>\n\n<p><br />\nEnfrijoladas</p>\n\n<p>• Licue los frijoles de la olla con un poco de su caldo y el chile chipotle. Ca­liente una cacerola con la manteca y cuando humee vierta los frijoles molidos. Añada la rama de epazote y deje hervir durante 5 minutos. Retire el epazote y reserve. Al final deberá obtener una salsa ligeramente espesa.<br />\n• Caliente el aceite y pase dentro de él las tortillas una a una por unos segundos, sólo para que se suavicen.</p>\n\n<p><br />\nPresentación</p>\n\n<p>• Acomode 3 tortillas en un plato, rellénelas con el pollo y enróllelas.<br />\n• Bañe con los frijoles molidos y acompañe con la crema, el queso y la ce­bolla.&#8221;<br /></p>', '<p>&nbsp;  &nbsp;  &nbsp;  &nbsp;  &nbsp;  &nbsp;  &nbsp; &#8220;Frijoles de la olla</p>\n\n<p>250 g de frijoles limpios, remojados desde la noche anterior y drenados<br />\n½ cebolla<br />\n1 diente de ajo<br />\n1½ l de agua<br />\n1½ cucharadas de manteca de cerdo<br />\n1 rama de epazote<br />\nsal al gusto</p>\n\n<p><br />\nEnfrijoladas</p>\n\n<p>1 chile chipotle en escabeche<br />\n2 cucharadas de manteca de cerdo<br />\n1 rama de epazote<br />\nc/s de aceite para freír<br />\n12 tortillas de maíz</p>\n\n<p><br />\nPresentación</p>\n\n<p>½ pechuga de pollo cocida y deshebrada<br />\n1 taza de crema<br />\n150 g de queso fresco<br />\n½ cebolla picada finamente&#8221;<br /></p>', 15, 45, 2, 'saladas_06', 0, 2, 0),
(63, 'Enmoladas', 10, 11, '<p>&nbsp;  &nbsp;  &nbsp;  &nbsp;  &nbsp;  &nbsp;  &nbsp; &#8220;Enmoladas</p>\n\n<p>• Caliente el caldo de pollo y disuelva el mole hasta que obtenga una consistencia no muy espesa. Agregue sal si fuera necesario.<br />\n• Caliente el aceite y pase dentro de él las tortillas una a una por unos segundos sólo para que se suavicen.</p>\n\n<p><br />\nPresentación</p>\n\n<p>• Introduzca una a una las tortillas en el mole, rellénelas con la pechuga de pollo y dóblelas a la mitad. Sirva tres enmoladas por plato y termine bañándolas con mole. Agregue la crema y el queso; acompañe con los frijoles bayos refritos.</p>\n\n<p>Esta preparación forma parte de la gran familia de enchiladas del país. <br />\nSon tradicionales las elaboradas con mole poblano, pero pueden prepararse <br />\ncon cualquier otro tipo de mole: negro, almendrado o incluso de Xico.&#8221;<br /></p>', '<p>&nbsp;  &nbsp;  &nbsp;  &nbsp;  &nbsp;  &nbsp;  &nbsp; &#8220;Enmoladas</p>\n\n<p>750 ml de caldo de pollo<br />\n300 g de mole en pasta<br />\nsal al gusto<br />\nc/s de aceite para freír<br />\n12 tortillas de maíz</p>\n\n<p><br />\nPresentación</p>\n\n<p>1 pechuga de pollo cocida y deshebrada<br />\n½ taza de crema<br />\n50 g de queso fresco desmenuzado<br />\nfrijoles bayos refritos al gusto&#8221;<br /></p>', 10, 15, 1, 'saladas_07', 0, 2, 0),
(64, 'Huarache con costilla', 10, 11, '<p>&nbsp;  &nbsp;  &nbsp;  &nbsp;  &nbsp;  &nbsp;  &nbsp; &#8220;Huarache</p>\n\n<p>• Mezcle la masa con un poco de agua y sal.<br />\n• Elabore bolas con la masa y deles forma alargada. Aplánelas entre 2 ho­jas de plástico hasta que tengan ½ centímetro de grosor.<br />\n• Fría los huaraches en suficiente aceite.</p>\n\n<p><br />\nPresentación</p>\n\n<p>• Unte a cada huarache frijoles refritos, agregue salsa verde, cebolla, queso y acompañe con un trozo de costillita. Sírvalos inmediatamente.</p>\n\n<p>Este desayuno es clásico para los domingos. En los mercados populares y en los establecimientos donde venden quesadillas, se llegan a ofrecer huaraches de proporciones enormes con un bistec de costilla de igual tamaño o un huevo frito.&#8221;<br /></p>', '<p>&nbsp;  &nbsp;  &nbsp;  &nbsp;  &nbsp;  &nbsp;  &nbsp; &#8220;Ingredientes para 4 porciones:</p>\n\n<p>Huarache</p>\n\n<p>300 g de masa para tortillas<br />\nc/s de agua<br />\nsal al gusto<br />\nc/s de aceite para freír</p>\n\n<p><br />\nPresentación</p>\n\n<p>1 taza de frijoles refritos<br />\n1 taza de salsa verde cruda<br />\n½ cebolla picada finamente<br />\n1 taza de queso rallado<br />\n½ kg de costillitas de cerdo cocidas y fritas&#8221;<br /></p>', 15, 10, 2, 'saladas_08', 0, 2, 0),
(65, 'Huevos a la albañil', 10, 11, '<p>&nbsp;  &nbsp;  &nbsp;  &nbsp;  &nbsp;  &nbsp;  &nbsp; &#8220;Huevos</p>\n\n<p>• Caliente un sartén con el aceite, agregue sal a los huevos y hágalos revueltos; retírelos del sartén y reserve.</p>\n\n<p><br />\nSalsa</p>\n\n<p>• Licue los jitomates con la cebolla, el diente de ajo y los chiles de árbol. Ca­liente el aceite en el mismo sartén donde preparó los huevos y vierta la salsa; cueza durante 2 minutos y verifique la sal.<br />\n• Agregue los huevos y deje hervir durante 2 minutos más.</p>\n\n<p><br />\nPresentación</p>\n\n<p>• Sirva acompañados con los totopos, los frijoles refritos y el queso.</p>\n\n<p>El adjetivo “a la albañil” indica la personalidad picante de este desayuno. <br />\nPara esta receta se ha reducido la cantidad de chiles de árbol, pero, si lo desea, <br />\nes posible hacer honor al nombre agregando más.&#8221;<br /></p>', '<p>&nbsp;  &nbsp;  &nbsp;  &nbsp;  &nbsp;  &nbsp;  &nbsp; &#8220;Ingredientes para 3 porciones:</p>\n\n<p>Huevos</p>\n\n<p>3 cucharadas de aceite<br />\n6 huevos batidos ligeramente<br />\nsal al gusto</p>\n\n<p><br />\nSalsa</p>\n\n<p>2 jitomates asados<br />\n¼ de cebolla asada<br />\n1 diente de ajo asado<br />\n2 chiles de árbol secos asados<br />\n2 cucharadas de aceite<br />\nsal al gusto</p>\n\n<p><br />\nPresentación</p>\n\n<p>totopos al gusto<br />\nfrijoles refritos al gusto (ver pág. 40)<br />\nqueso fresco desmoronado, al gusto&#8221;<br /></p>', 5, 10, 1, 'saladas_09', 0, 1, 0),
(66, 'Huevos a la veracruzana', 10, 11, '<p>&nbsp;  &nbsp;  &nbsp;  &nbsp;  &nbsp;  &nbsp;  &nbsp; &#8220;Relleno</p>\n\n<p>• Caliente en un sartén el aceite y acitrone la cebolla. Añada los jitomates, el chile jalapeño y sofría durante 3 minutos. Agregue los huevos y la sal; mezcle y retire del fuego cuando todo esté cocido. Reserve.</p>\n\n<p><br />\nPreparación</p>\n\n<p>• Caliente el aceite y pase dentro de él las tortillas una a una.<br />\n• Disponga 3 tortillas en un plato y rellene cada una con el huevo guisado. Acompañe con los frijoles y adorne con el chorizo, el queso y las rajas.</p>\n\n<p>Tradicionalmente se elabora una salsa con los frijoles <br />\ny se bañan las tortillas rellenas.&#8221;<br /></p>', '<p>&nbsp;  &nbsp;  &nbsp;  &nbsp;  &nbsp;  &nbsp;  &nbsp; &#8220;Ingredientes para 4 porciones:</p>\n\n<p>Relleno</p>\n\n<p>4 cucharadas de aceite<br />\n½ cebolla picada finamente<br />\n2 jitomates picados<br />\n1 chile jalapeño sin semillas ni venas, picado finamente<br />\n8 huevos batidos ligeramente<br />\n½ cucharadita de sal</p>\n\n<p><br />\nPresentación</p>\n\n<p>12 tortillas<br />\nc/s de aceite para freír<br />\n3 tazas de frijoles de la olla<br />\n5 cucharadas de chorizo frito<br />\n100 g de queso fresco cortado en cubos<br />\n1 chile cuaresmeño sin venas ni semillas, cortado en rajas y fritas&#8221;<br /></p>', 5, 10, 2, 'saladas_10', 0, 2, 0),
(67, 'Huevos ahogados', 10, 11, '<p>&nbsp;  &nbsp;  &nbsp;  &nbsp;  &nbsp;  &nbsp;  &nbsp; &#8220;Salsa</p>\n\n<p>• Licue los jitomates, la cebolla, los chiles guajillo, los dientes de ajo, el caldo de pollo y sal.<br />\n• Caliente el aceite en una cacerola extendida y vierta la salsa; cueza durante 5 minutos y verifique la sal.</p>\n\n<p><br />\nHuevos</p>\n\n<p>• Baje el fuego al mínimo y vierta con cuidado los huevos uno a uno a la salsa, procurando que queden enteros y separados entre ellos. Unos minutos antes de que los huevos se cuezan, agregue los nopales, procurando no romper las yemas.<br />\n• Retire del fuego y sirva.</p>\n\n<p>El curioso nombre de este platillo se debe a que los huevos “nadan” <br />\nen un caldillo de jitomate.&#8221;<br /></p>', '<p>&nbsp;  &nbsp;  &nbsp;  &nbsp;  &nbsp;  &nbsp;  &nbsp; &#8220;Ingredientes para 3 porciones:</p>\n\n<p>Salsa</p>\n\n<p>6 jitomates asados<br />\n½ cebolla asada<br />\n3 chiles guajillo desvenados, asados <br />\ny remojados (opcional)<br />\n2 dientes de ajo asados<br />\n1 l de caldo de pollo<br />\nsal al gusto<br />\nc/s de aceite</p>\n\n<p><br />\nHuevos</p>\n\n<p>6 huevos<br />\n1½ tazas de nopales cortados en tiras <br />\ny cocidos&#8221;<br /></p>', 5, 5, 2, 'saladas_11', 0, 1, 0),
(68, 'Huevos aporreados', 10, 11, '<p>&nbsp;  &nbsp;  &nbsp;  &nbsp;  &nbsp;  &nbsp;  &nbsp; &#8220;Huevos</p>\n\n<p>• Caliente en un sartén 1 cucharada de aceite y sofría la carne seca o cecina. Cuando esté dorada, retire del fuego y córtela en cuadros pequeños; re­serve.<br />\n• Caliente el aceite restante en el mismo sartén y acitrone la cebolla, el ajo, los jitomates y los chiles. Añada la cecina, los huevos y sal; mezcle y retire del fuego cuando todo esté cocido.</p>\n\n<p><br />\nSalsa de chile cascabel</p>\n\n<p>• Ase a fuego bajo los chiles por el lado brillante. Retírelos del fuego y deje enfriar.<br />\n• Coloque los jitomates asados en una olla pequeña, cúbralos con el agua y cue­za por 15 minutos. Deje enfriar y lícuelos con los chiles, los ajos, la sal y el agua hasta obtener una salsa martajada.<br />\n• Si lo desea, caliente un poco de aceite y fría la salsa por 10 minutos.</p>\n\n<p><br />\nPresentación</p>\n\n<p>• Sirva los huevos acompañados de la salsa de chile cascabel y las tortillas de maíz.</p>\n\n<p>Esta preparación, típica de Tierra Caliente en Michoacán y Guerrero, <br />\ntambién puede llamarse aporreada o aporreado. La peculiaridad consiste <br />\nen la utilización de carne seca, la cual se corta o desmenuza y luego se golpea para abrir las fibras de la carne antes de utilizarla.&#8221;<br /></p>', '<p>&nbsp;  &nbsp;  &nbsp;  &nbsp;  &nbsp;  &nbsp;  &nbsp; &#8220;Ingredientes para 4 porciones:</p>\n\n<p>Huevos</p>\n\n<p>250 g de carne seca o cecina<br />\n3 cucharadas de aceite<br />\n1 cebolla picada finamente<br />\n1 diente de ajo picado finamente<br />\n3 jitomates picados<br />\n2 chiles serranos sin venas ni semillas picados finamente<br />\n8 huevos batidos ligeramente<br />\nsal al gusto</p>\n\n<p><br />\nSalsa de chile cascabel</p>\n\n<p>6 chiles cascabel limpios sin semillas <br />\nni venas<br />\n2 jitomates asados<br />\n¾ de taza de agua<br />\n2 dientes de ajo grandes asados, pelados <br />\ny troceados<br />\n1 cucharadita de sal</p>\n\n<p><br />\nPresentación</p>\n\n<p>tortillas de maíz al gusto&#8221;<br /></p>', 10, 25, 2, 'saladas_12', 0, 4, 0),
(69, 'Huevos motuleños', 10, 11, '<p>&nbsp;  &nbsp;  &nbsp;  &nbsp;  &nbsp;  &nbsp;  &nbsp; &#8220;Huevos</p>\n\n<p>• Caliente el aceite en un sartén y pase una a una las tortillas dentro de él sólo para que se suavicen. Colóquelas sobre papel absorbente para eliminar el exceso de grasa y reserve.<br />\n• Haga unos huevos estrellados en el mismo sartén, agregue sal. Si fuera necesario, añada más aceite entre cada huevo.<br />\n• Unte sobre cada tortilla un poco de frijoles refritos y ponga encima 1 huevo.</p>\n\n<p><br />\nSalsa</p>\n\n<p>• Licue los jitomates, la cebolla, el ajo, el vinagre y el agua.<br />\n• Caliente en una cacerola el aceite y vierta la salsa. Añada la hoja de laurel, el chile habanero y sal; deje hervir a fuego bajo durante 5 minutos sin dejar de mover. Retire del fuego, deseche la hoja de laurel, verifique la sal y reserve.</p>\n\n<p><br />\nPresentación</p>\n\n<p>• Acompañe los huevos con la salsa y las guarniciones.</p>\n\n<p>Tradicionalmente estos huevos se bañan con la salsa, <br />\npero puede servirla en un recipiente por separado.&#8221;<br /></p>', '<p>&nbsp;  &nbsp;  &nbsp;  &nbsp;  &nbsp;  &nbsp;  &nbsp; &#8220;Ingredientes para 3 porciones:</p>\n\n<p>Huevos</p>\n\n<p>6 tortillas de maíz<br />\n½ taza de aceite<br />\n6 huevos<br />\n1 taza de frijoles refritos (ver pág. 40)<br />\nsal al gusto</p>\n\n<p><br />\nSalsa</p>\n\n<p>2 jitomates<br />\n¼ de cebolla<br />\n1 diente de ajo<br />\n1 cucharadita de vinagre<br />\n1 taza de agua<br />\n2 cucharadas de aceite<br />\n1 hoja de laurel<br />\n1 chile habanero<br />\nsal al gusto</p>\n\n<p><br />\nGuarniciones</p>\n\n<p>100 g de jamón cortado en cubos pequeños<br />\n100 g de chícharos cocidos<br />\n100 g de queso fresco rallado<br />\n1 plátano macho cortado en rebanadas <br />\ny fritas<br />\n&#8220;</p>', 5, 15, 2, 'saladas_13', 0, 3, 0),
(70, 'Huevos rabo de mestiza', 10, 11, '<p>&nbsp;  &nbsp;  &nbsp;  &nbsp;  &nbsp;  &nbsp;  &nbsp; &#8220;Salsa</p>\n\n<p>• Licue los jitomates con el ajo y el agua. Caliente el aceite en una cacerola extendida y fría el molido; deje cocinar durante unos minutos.<br />\n• Agregue las rajas de chile, la cebolla y sal; cueza durante 3 minutos.</p>\n\n<p><br />\nHuevos</p>\n\n<p>• Añada los huevos, uno a uno, evitando que se junten y que se estrellen las yemas. Deje hervir hasta que estén cocidos.</p>\n\n<p><br />\nPresentación</p>\n\n<p>• Sirva acompañados con los cubos de queso.</p>\n\n<p>Tradicionalmente este platillo se elabora con rajas de chile poblano, pero puede sustituirlas por rajas de pimiento morrón en caso de que no lo desee picante.&#8221;<br /></p>', '<p>&nbsp;  &nbsp;  &nbsp;  &nbsp;  &nbsp;  &nbsp;  &nbsp; &#8220;Ingredientes para 3 porciones:</p>\n\n<p>Salsa</p>\n\n<p>4 jitomates<br />\n1 diente de ajo<br />\n1 taza de agua<br />\n1 cucharada de aceite<br />\n2 chiles poblano asados, pelados, desvenados y cortados en rajas<br />\n½ cebolla fileteada<br />\nsal al gusto</p>\n\n<p><br />\nHuevos</p>\n\n<p>6 huevos</p>\n\n<p><br />\nPresentación</p>\n\n<p>½ taza de queso panela cortado en cubos pequeños&#8221;<br /></p>', 5, 15, 2, 'saladas_14', 0, 3, 0),
(71, 'HUEVOS RANCHEROS', 10, 11, '<p>&nbsp;  &nbsp;  &nbsp;  &nbsp;  &nbsp;  &nbsp;  &nbsp;  &nbsp;  &nbsp;  &nbsp;  &nbsp;  &nbsp;  &nbsp;  &nbsp;  &nbsp;  &nbsp;  &nbsp;  &nbsp;  &nbsp;  &nbsp;  &#8220;Huevos</p>\n\n<p>• Caliente en un sartén el aceite y pase una a una las tortillas dentro de él, dejándolas suaves o crujientes según su preferencia. Colóquelas sobre papel absorbente para retirar el exceso de aceite.<br />\n• Haga unos huevos estrellados en el mismo sartén; si fuera necesario, añada más aceite entre cada uno.</p>\n\n<p><br />\nSalsa de chile de árbol</p>\n\n<p>• Cueza los jitomates, los chiles, la cebolla y los ajos en el agua. Retire del fuego, deje enfriar y lícuelos con un poco del agua de cocción.<br />\n• Caliente el aceite y fría la salsa. Deje reducir según la consistencia que desee, añada sal y reserve.</p>\n\n<p><br />\nPresentación</p>\n\n<p>• Coloque encima de cada tortilla un huevo y bañe con la salsa de chile de árbol. Acompañe con las rebanadas de bolillo.</p>\n\n<p>Generalmente el término ranchero es aplicado a las preparaciones que contienen alguna salsa o caldillo de jitomate.&#8221;<br /></p>', '<p>&nbsp;  &nbsp;  &nbsp;  &nbsp;  &nbsp;  &nbsp;  &nbsp;  &nbsp;  &nbsp;  &nbsp;  &nbsp;  &nbsp;  &nbsp;  &nbsp;  &nbsp;  &nbsp;  &nbsp;  &nbsp;  &nbsp;  &nbsp;  &#8220;Ingredientes para 3 porciones:</p>\n\n<p>Huevos</p>\n\n<p>6 tortillas de maíz<br />\nc/s de aceite para freír<br />\n6 huevos</p>\n\n<p><br />\nSalsa de chile de árbol</p>\n\n<p>½ kg de jitomates<br />\n2 chiles de árbol frescos grandes<br />\n¼ de cebolla<br />\n2 dientes de ajo chicos<br />\n1 l de agua<br />\n2 cucharadas de aceite<br />\nsal al gusto</p>\n\n<p><br />\nPresentación</p>\n\n<p>rebanadas de bolillo doradas al gusto&#8221;<br /></p>', 5, 15, 1, 'saladas_15', 0, 1, 0),
(72, 'HUEVOS TIRADOS', 10, 11, '<p>&nbsp;  &nbsp;  &nbsp;  &nbsp;  &nbsp;  &nbsp;  &nbsp; &#8220;Frijoles refritos</p>\n\n<p>• Machaque los frijoles con el caldo hasta que estén bien triturados.<br />\n• Caliente en un sartén la manteca a fuego alto, espere a que humee ligeramente y fría la cebolla hasta que esté muy dorada, casi negra. Añada los frijoles machacados y mueva constantemente, de lo contrario se pegarán al fondo; la preparación espesará en unos minutos. Después de un tiempo notará que los frijoles se habrán vuelto una masa que se mantiene unida; esa es la consistencia deseada. Reserve.</p>\n\n<p><br />\nSalsa de chile costeño</p>\n\n<p>• Cueza los jitomates y los chiles en el agua durante 10 minutos; retire del fuego y deje enfriar.<br />\n• Licue los ingredientes cocidos con el ajo y 1?3 de taza del agua de cocción de los chiles hasta obtener una salsa tersa.<br />\n• Vierta la salsa en un recipiente, añada la cebolla, el cilantro y sal; mezcle y reserve.</p>\n\n<p><br />\nHuevos</p>\n\n<p>• Caliente el aceite, añada los huevos y sal. Mueva ocasionalmente, y cuando estén ligeramente cocidos, agregue los frijoles.<br />\n• Mezcle bien para integrar ambos ingredientes. Retire del fuego cuando todo esté cocido.</p>\n\n<p><br />\nPresentación</p>\n\n<p>• Sirva los huevos con la salsa de chile costeño, el queso fresco y las tortillas.</p>\n\n<p>Puede reservar algunos frijoles enteros y mezclarlos <br />\ncon los frijoles refritos.&#8221;<br /></p>', '<p>&nbsp;  &nbsp;  &nbsp;  &nbsp;  &nbsp;  &nbsp;  &nbsp; &#8220;Ingredientes para 3 porciones:</p>\n\n<p>Frijoles refritos (3 tazas)</p>\n\n<p>3 tazas de frijoles de la olla con su caldo (ver pág. 18)<br />\n1?3 de taza de manteca de cerdo<br />\n2 cucharadas de cebolla picada finamente</p>\n\n<p><br />\nSalsa de chile costeño</p>\n\n<p>250 g de jitomates asados<br />\n3 chiles costeños grandes sin semillas <br />\nni venas, asados<br />\n1 taza de agua<br />\n1 diente de ajo<br />\n¼ de taza de cebolla picada finamente<br />\n¼ de taza de cilantro picado finamente<br />\nsal al gusto</p>\n\n<p><br />\nHuevos</p>\n\n<p>3 cucharadas de aceite<br />\n6 huevos batidos ligeramente<br />\nsal al gusto<br />\n1 taza de frijoles refritos</p>\n\n<p><br />\nPresentación</p>\n\n<p>½ taza de queso fresco cortado en cubos (opcional)<br />\ntortillas de maíz al gusto&#8221;<br /></p>', 15, 25, 1, 'saladas_17', 0, 3, 0),
(73, 'Birria', 10, 12, '<p>&#8220;Birria</p>\n\n<p>• Añada sal a la carne y deje reposar por unos minutos.<br />\n• Licue los chiles con el resto de los ingredientes hasta obtener una salsa tersa y espesa. En caso de ser necesario, agregue un poco de agua; verifique la sal.<br />\n• Marine la carne con el molido de chiles durante una noche en refrigeración.<br />\n• Al día siguiente, coloque una rejilla dentro de una olla de presión, añada agua hasta casi tocarla, ponga encima de la rejilla un trozo de penca de maguey y acomode la carne. Cierre y cueza durante 1 hora a partir de que el vapor comience a escapar de la olla. Verifique la sal del jugo de carne que obtuvo de la cocción.</p>\n\n<p><br />\nSalsa de chile cascabel</p>\n\n<p>• Licue todos los ingredientes hasta obtener una salsa tersa; verifique la sal.</p>\n\n<p><br />\nPresentación</p>\n\n<p>• Sirva la birria caliente y acompañe con la salsa, el orégano, la cebolla, las tortillas de maíz y los limones. Si lo desea, cuando la carne esté cocida deje hervir durante unos minutos en el jugo de carne.&#8221;</p>\n\n', '<p>&#8220;Ingredientes para 6 porciones:</p>\n\n<p>Birria</p>\n\n<p>1  kg de carne maciza de chivo cortada <br />\nen trozos medianos<br />\n½&nbsp; kg de chamorro o costilla de chivo<br />\nsal al gusto<br />\n2  chiles ancho desvenados, sin semillas, asados y remojados<br />\n3  chiles guajillo desvenados, sin semillas, asados y remojados<br />\n2  chiles cascabel desvenados, sin semillas, asados y remojados<br />\n2  chiles mora desvenados, sin semillas, asados y remojados<br />\n4  dientes de ajo<br />\n½&nbsp; cebolla<br />\n½&nbsp; cucharadita de cominos<br />\n10  pimientas negras<br />\n2  clavos de olor<br />\n1  cucharadita de orégano<br />\n½&nbsp; taza de vinagre blanco</p>\n\n<p><br />\nSalsa de chile cascabel</p>\n\n<p>250 g de jitomate asado, pelado <br />\ny sin semillas<br />\n4 chiles cascabel desvenados, sin semillas, asados y remojados<br />\n1 taza del jugo de cocción de la carne, <br />\nsin grasa<br />\nsal al gusto</p>\n\n<p><br />\nPresentación</p>\n\n<p>orégano al gusto<br />\ncebolla picada al gusto<br />\ntortillas de maíz al gusto<br />\nlimones partidos al gusto&#8221;</p>\n\n', 730, 90, 3, 'saladas_01', 0, 2, 0),
(74, 'Cecina', 10, 12, '<p>&#8220;Cecina</p>\n\n<p>• Ase la cecina en una parrilla con un poco de aceite. </p>\n\n<p><br />\nEnsalada de nopales y habas</p>\n\n<p>• Mezcle todos los ingredientes y reserve.</p>\n\n<p><br />\nSalsa de chile ancho</p>\n\n<p>• Hierva en un poco de agua los chiles ancho para hidratarlos; cuando estén suaves, lícuelos con los demás ingredientes y reserve.</p>\n\n<p><br />\nPresentación</p>\n\n<p>• Sirva la cecina acompañada del queso, las cebollas cambray, el aguacate, la ensalada de nopales y habas y la salsa de chile ancho.&#8221;</p>\n\n', '<p>&#8220;Ingredientes para 6 porciones:</p>\n\n<p>Cecina</p>\n\n<p>1 kg de cecina<br />\nc/s de aceite</p>\n\n<p><br />\nEnsalada de nopales y habas</p>\n\n<p>6 nopales cocidos en agua con sal <br />\ny cortados en cubos<br />\n300 g de habas frescas cocidas, sin cáscara<br />\n3 jitomates pelados, sin semillas y cortados en cubos pequeños<br />\n1 cebolla picada finamente<br />\n½ taza de cilantro picado<br />\n4 cucharadas de aceite de oliva<br />\n4 cucharadas de vinagre blanco<br />\n2 cucharadas de orégano<br />\nqueso fresco desmoronado al gusto (opcional)<br />\nsal al gusto</p>\n\n<p><br />\nSalsa de chile ancho</p>\n\n<p>6 chiles ancho sin semillas <br />\nni venas<br />\n1 jitomate asado<br />\n2 dientes de ajo asados<br />\n1 cucharadita de orégano<br />\n¼ de raja de canela asada<br />\n3 cucharadas de vinagre <br />\nde manzana<br />\nsal al gusto</p>\n\n<p><br />\nPresentación</p>\n\n<p>300 g de queso fresco cortado <br />\nen rebanadas delgadas (opcional)<br />\n18 cebollas cambray asadas<br />\n1 aguacate cortado en rebanadas (opcional)&#8221;</p>\n\n', 20, 15, 2, 'saladas_02', 0, 0, 0),
(75, 'Chicharrón en salsa verde', 10, 12, '<p>&#8220;Salsa verde</p>\n\n<p>• Ase a fuego medio los chiles, los tomates, la cebolla y el ajo.<br />\n• Pele el ajo y licue los ingredientes asados con el cilantro y sal. Si es necesario, agregue un poco de caldo de pollo para obtener una consistencia más ligera.<br />\n• Caliente la manteca en una cacerola a fuego alto, vierta la salsa y cocine por 5 minutos moviendo de vez en cuando para que no se pegue.</p>\n\n<p><br />\nPresentación</p>\n\n<p>• Añada el chicharrón a la salsa y cueza hasta que éste se ablande; verifique la sal.<br />\n• Sirva caliente acompañado con los frijoles de la olla y las tortillas de maíz.</p>\n\n<p>Éste es un platillo para desayunar muy acostumbrado en la zona centro del país. Se consume por igual en la mañana o al mediodía.&#8221;</p>\n\n', '<p>&#8220;Ingredientes para 6 porciones:</p>\n\n<p>Salsa verde</p>\n\n<p>4 chiles serrano verdes<br />\n750 g de tomates troceados<br />\n1 cebolla<br />\n1 diente de ajo grande con piel<br />\n½ taza de cilantro troceado<br />\nsal al gusto<br />\nc/s de caldo de pollo<br />\n3 cucharadas de manteca de cerdo</p>\n\n<p><br />\nPresentación</p>\n\n<p>350 g de chicharrón de cerdo cortado <br />\nen trozos<br />\nfrijoles de la olla al gusto<br />\ntortillas de maíz al gusto&#8221;</p>\n\n', 10, 15, 1, 'saladas_03', 0, 1, 0),
(76, 'Chilaquiles colimotes', 10, 12, '<p>&#8220;Salsa roja</p>\n\n<p>• Cueza los jitomates con los chiles y el agua; retire del fuego y deje enfriar.<br />\n• Licue los jitomates con el agua de cocción, los chiles, la cebolla y los ajos hasta obtener una salsa tersa y fina.<br />\n• Caliente el aceite en una olla y vierta la salsa. Deje cocer durante algunos minutos y agregue sal. Reserve caliente.</p>\n\n<p><br />\nChilaquiles</p>\n\n<p>• Fría los triángulos de tortilla en abundante aceite caliente. Cuando estén ligeramente dorados, retire el aceite y vierta los huevos batidos; mezcle hasta que estén cocidos.<br />\n• Añada la salsa y deje cocinar por unos minutos más; verifique la sal y retire del fuego.</p>\n\n<p><br />\nPresentación</p>\n\n<p>• Sirva los chilaquiles acompañados del queso añejo, la crema y la cebolla.</p>\n\n<p>En un clásico desayuno colimense, no pueden faltar estos chilaquiles, un tamal de ceniza y un birote. Todo puede disfrutarse mejor con un vaso de tuba.&#8221;</p>\n\n', '<p>&#8220;Ingredientes para 4 porciones:</p>\n\n<p>Salsa roja</p>\n\n<p>½ kg de jitomates<br />\n2 chiles jalapeño<br />\n2 tazas de agua<br />\n½ cebolla<br />\n2 dientes de ajo<br />\n2 cucharadas de aceite<br />\nsal al gusto</p>\n\n<p><br />\nChilaquiles</p>\n\n<p>12 tortillas de maíz cortadas en triángulos pequeños<br />\nc/s de aceite para freír<br />\n6 huevos batidos ligeramente<br />\nsal al gusto</p>\n\n<p><br />\nPresentación</p>\n\n<p>½ taza de queso añejo rallado<br />\n½ taza de crema<br />\n½ cebolla fileteada&#8221;</p>\n\n', 10, 15, 1, 'saladas_04', 0, 2, 0),
(77, 'Chilaquiles verdes con pollo', 10, 12, '<p>&#8220;Salsa</p>\n\n<p>• Cueza los tomates con los chiles y el caldo de pollo. Retire del fuego, deje enfriar y lícuelos con la cebolla, los ajos y el cilantro hasta obtener una salsa tersa.<br />\n• Caliente el aceite en una olla y fría la salsa. Pruebe y ajuste la cantidad de sal. En el último hervor añada la rama de epazote.</p>\n\n<p><br />\nChilaquiles</p>\n\n<p>• Sumerja en la salsa los triángulos de tortilla fritos; deje hervir un par de minutos y retire del fuego.</p>\n\n<p><br />\nPresentación</p>\n\n<p>• Sirva inmediatamente acompañados con el pollo deshebrado, el queso fres­co, la crema y la cebolla.</p>\n\n<p>Si desea, sustituya el pollo por huevo. Gratínelos con queso Chihuahua <br />\no manchego antes de servir.&#8221;</p>\n\n', '<p>&#8220;Ingredientes para 6 porciones:</p>\n\n<p>Salsa</p>\n\n<p>½ kg de tomates<br />\n6 chiles serrano verdes<br />\n2 tazas de caldo de pollo<br />\n½ cebolla<br />\n2 dientes de ajo<br />\n½ taza de cilantro troceado<br />\n3 cucharadas de aceite<br />\nsal al gusto<br />\n1 rama de epazote</p>\n\n<p><br />\nChilaquiles</p>\n\n<p>½ kg de tortillas de maíz cortadas en triángulos y fritas</p>\n\n<p><br />\nPresentación</p>\n\n<p>1 pechuga de pollo cocida y deshebrada<br />\n1 taza de queso fresco rallado<br />\n½ taza de crema (opcional)<br />\n½ cebolla cortada fileteada&#8221;</p>\n\n', 10, 15, 2, 'saladas_05', 0, 2, 0),
(78, 'Enfrijoladas', 10, 12, '<p>&#8220;Frijoles de la olla</p>\n\n<p>• Coloque los frijoles, la cebolla, el diente de ajo y 1 litro de agua dentro de una olla de presión, cierre y ponga sobre el fuego. Cuente de 30 a 35 minutos de cocción a partir de que empiece a escapar el vapor de la olla.<br />\n• Retire del fuego, deje enfriar por completo la olla, destápela y añada la manteca, el epazote, sal, y si lo desea, el agua restante. Ponga a hervir nuevamente para que se integren los sabores. Reserve.</p>\n\n<p><br />\nEnfrijoladas</p>\n\n<p>• Licue los frijoles de la olla con un poco de su caldo y el chile chipotle. Ca­liente una cacerola con la manteca y cuando humee vierta los frijoles molidos. Añada la rama de epazote y deje hervir durante 5 minutos. Retire el epazote y reserve. Al final deberá obtener una salsa ligeramente espesa.<br />\n• Caliente el aceite y pase dentro de él las tortillas una a una por unos segundos, sólo para que se suavicen.</p>\n\n<p><br />\nPresentación</p>\n\n<p>• Acomode 3 tortillas en un plato, rellénelas con el pollo y enróllelas.<br />\n• Bañe con los frijoles molidos y acompañe con la crema, el queso y la ce­bolla.&#8221;</p>\n\n', '<p>&#8220;Ingredientes para 4 porciones:</p>\n\n<p>Frijoles de la olla</p>\n\n<p>250 g de frijoles limpios, remojados desde la noche anterior y drenados<br />\n½ cebolla<br />\n1 diente de ajo<br />\n1½ l de agua<br />\n1½ cucharadas de manteca de cerdo<br />\n1 rama de epazote<br />\nsal al gusto</p>\n\n<p><br />\nEnfrijoladas</p>\n\n<p>1 chile chipotle en escabeche<br />\n2 cucharadas de manteca de cerdo<br />\n1 rama de epazote<br />\nc/s de aceite para freír<br />\n12 tortillas de maíz</p>\n\n<p><br />\nPresentación</p>\n\n<p>½ pechuga de pollo cocida y deshebrada<br />\n1 taza de crema<br />\n150 g de queso fresco<br />\n½ cebolla picada finamente&#8221;</p>\n\n', 15, 45, 2, 'saladas_06', 0, 2, 0),
(79, 'Enmoladas', 10, 12, '<p>&#8220;Enmoladas</p>\n\n<p>• Caliente el caldo de pollo y disuelva el mole hasta que obtenga una consistencia no muy espesa. Agregue sal si fuera necesario.<br />\n• Caliente el aceite y pase dentro de él las tortillas una a una por unos segundos sólo para que se suavicen.</p>\n\n<p><br />\nPresentación</p>\n\n<p>• Introduzca una a una las tortillas en el mole, rellénelas con la pechuga de pollo y dóblelas a la mitad. Sirva tres enmoladas por plato y termine bañándolas con mole. Agregue la crema y el queso; acompañe con los frijoles bayos refritos.</p>\n\n<p><br />\nEsta preparación forma parte de la gran familia de enchiladas del país. Son tradicionales las elaboradas con mole poblano, pero pueden prepararse con cualquier otro tipo de mole: negro, almendrado o incluso de Xico.&#8221;</p>\n\n', '<p>&#8220;Ingredientes para 4 porciones:</p>\n\n<p>Enmoladas</p>\n\n<p>750 ml de caldo de pollo<br />\n300 g de mole en pasta<br />\nsal al gusto<br />\nc/s de aceite para freír<br />\n12 tortillas de maíz</p>\n\n<p><br />\nPresentación</p>\n\n<p>1 pechuga de pollo cocida y deshebrada<br />\n½ taza de crema<br />\n50 g de queso fresco desmenuzado<br />\nfrijoles bayos refritos al gusto&#8221;</p>\n\n', 10, 15, 2, 'saladas_07', 0, 0, 0),
(80, 'Huarache con costilla', 10, 12, '<p>&#8220;Huarache</p>\n\n<p>• Mezcle la masa con un poco de agua y sal.<br />\n• Elabore bolas con la masa y deles forma alargada. Aplánelas entre 2 hojas de plástico hasta que tengan ½ centímetro de grosor.<br />\n• Fría los huaraches en suficiente aceite.</p>\n\n<p><br />\nPresentación</p>\n\n<p>• Unte a cada huarache frijoles refritos, agregue salsa verde, cebolla, queso y acompañe con un trozo de costillita. Sírvalos inmediatamente.</p>\n\n<p>Este desayuno es clásico para los domingos. En los mercados populares y en los establecimientos donde venden quesadillas, se llegan a ofrecer huaraches de proporciones enormes con un bistec de costilla de igual tamaño o un huevo frito.&#8221;</p>\n\n', '<p>&#8220;Ingredientes para 4 porciones:</p>\n\n<p>Huarache</p>\n\n<p>300 g de masa para tortillas<br />\nc/s de agua<br />\nsal al gusto<br />\nc/s de aceite para freír</p>\n\n<p><br />\nPresentación</p>\n\n<p>1 taza de frijoles refritos<br />\n1 taza de salsa verde cruda<br />\n½ cebolla picada finamente<br />\n1 taza de queso rallado<br />\n½ kg de costillitas de cerdo cocidas y fritas&#8221;</p>\n\n', 15, 190, 2, 'saladas_08', 0, 0, 0),
(81, 'Huevos a la albañil', 10, 12, '<p>&#8220;Huevos</p>\n\n<p>• Caliente un sartén con el aceite, agregue sal a los huevos y hágalos revueltos; retírelos del sartén y reserve.</p>\n\n<p><br />\nSalsa</p>\n\n<p>• Licue los jitomates con la cebolla, el diente de ajo y los chiles de árbol. Caliente el aceite en el mismo sartén donde preparó los huevos y vierta la salsa; cueza durante 2 minutos y verifique la sal.<br />\n• Agregue los huevos y deje hervir durante 2 minutos más.</p>\n\n<p><br />\nPresentación</p>\n\n<p>• Sirva acompañados con los totopos, los frijoles refritos y el queso.</p>\n\n<p><br />\nEl adjetivo “a la albañil” indica la personalidad picante de este desayuno. Para esta receta se ha reducido la cantidad de chiles de árbol, pero, si lo desea, es posible hacer honor al nombre agregando más.&#8221;</p>\n\n', '<p>&#8220;Ingredientes para 3 porciones:</p>\n\n<p>Huevos</p>\n\n<p>3 cucharadas de aceite<br />\n6 huevos batidos ligeramente<br />\nsal al gusto</p>\n\n<p><br />\nSalsa</p>\n\n<p>2 jitomates asados<br />\n¼ de cebolla asada<br />\n1 diente de ajo asado<br />\n2 chiles de árbol secos asados<br />\n2 cucharadas de aceite<br />\nsal al gusto</p>\n\n<p><br />\nPresentación</p>\n\n<p>totopos al gusto<br />\nfrijoles refritos al gusto<br />\nqueso fresco desmoronado, al gusto&#8221;</p>\n\n', 5, 10, 1, 'saladas_09', 0, 1, 0),
(82, 'Huevos a la veracruzana', 10, 12, '<p>&#8220;Relleno</p>\n\n<p>• Caliente en un sartén el aceite y acitrone la cebolla. Añada los jitomates, el chile jalapeño y sofría durante 3 minutos. Agregue los huevos y la sal; mezcle y retire del fuego cuando todo esté cocido. Reserve.</p>\n\n<p><br />\nPreparación</p>\n\n<p>• Caliente el aceite y pase dentro de él las tortillas una a una.<br />\n• Disponga 3 tortillas en un plato y rellene cada una con el huevo guisado. Acompañe con los frijoles y adorne con el chorizo, el queso y las rajas.</p>\n\n<p><br />\nTradicionalmente se elabora una salsa con los frijoles <br />\ny se bañan las tortillas rellenas.&#8221;</p>\n\n', '<p>&#8220;Ingredientes para 4 porciones:</p>\n\n<p>Relleno</p>\n\n<p>4 cucharadas de aceite<br />\n½ cebolla picada finamente<br />\n2 jitomates picados<br />\n1 chile jalapeño sin semillas ni venas, picado finamente<br />\n8 huevos batidos ligeramente<br />\n½ cucharadita de sal</p>\n\n<p><br />\nPresentación</p>\n\n<p>12 tortillas<br />\nc/s de aceite para freír<br />\n3 tazas de frijoles de la olla<br />\n5 cucharadas de chorizo frito<br />\n100 g de queso fresco cortado en cubos<br />\n1 chile cuaresmeño sin venas ni semillas, cortado en rajas y fritas&#8221;</p>\n\n', 5, 10, 2, 'saladas_10', 0, 2, 0),
(83, 'Huevos ahogados', 10, 12, '<p>&#8220;Salsa</p>\n\n<p>• Licue los jitomates, la cebolla, los chiles guajillo, los dientes de ajo, el caldo de pollo y sal.<br />\n• Caliente el aceite en una cacerola extendida y vierta la salsa; cueza durante 5 minutos y verifique la sal.</p>\n\n<p><br />\nHuevos</p>\n\n<p>• Baje el fuego al mínimo y vierta con cuidado los huevos uno a uno a la salsa, procurando que queden enteros y separados entre ellos. Unos minutos antes de que los huevos se cuezan, agregue los nopales, procurando no romper las yemas.<br />\n• Retire del fuego y sirva.</p>\n\n<p><br />\nEl curioso nombre de este platillo se debe a que los huevos “nadan” en un caldillo de jitomate.&#8221;</p>\n\n', '<p>&#8220;Ingredientes para 3 porciones:</p>\n\n<p>Salsa</p>\n\n<p>6 jitomates asados<br />\n½ cebolla asada<br />\n3 chiles guajillo desvenados, asados <br />\ny remojados (opcional)<br />\n2 dientes de ajo asados<br />\n1 l de caldo de pollo<br />\nsal al gusto<br />\nc/s de aceite</p>\n\n<p><br />\nHuevos</p>\n\n<p>6 huevos<br />\n1½ tazas de nopales cortados en tiras <br />\ny cocidos&#8221;</p>\n\n', 5, 15, 2, 'saladas_11', 0, 1, 0),
(84, 'Huevos aporreados', 10, 12, '<p>“Huevos</p>\n\n<p>• Caliente en un sartén 1 cucharada de aceite y sofría la carne seca o cecina. Cuando esté dorada, retire del fuego y córtela en cuadros pequeños; reserve.<br />\n• Caliente el aceite restante en el mismo sartén y acitrone la cebolla, el ajo, los jitomates y los chiles. Añada la cecina, los huevos y sal; mezcle y retire del fuego cuando todo esté cocido.</p>\n\n<p><br />\nSalsa de chile cascabel</p>\n\n<p>• Ase a fuego bajo los chiles por el lado brillante. Retírelos del fuego y deje enfriar.<br />\n• Coloque los jitomates asados en una olla pequeña, cúbralos con el agua y cue­za por 15 minutos. Deje enfriar y lícuelos con los chiles, los ajos, la sal y el agua hasta obtener una salsa martajada.<br />\n• Si lo desea, caliente un poco de aceite y fría la salsa por 10 minutos.</p>\n\n<p><br />\nPresentación</p>\n\n<p>• Sirva los huevos acompañados de la salsa de chile cascabel y las tortillas de maíz.</p>\n\n<p><br />\nEsta preparación, típica de Tierra Caliente en Michoacán y Guerrero, <br />\ntambién puede llamarse aporreada o aporreado. La peculiaridad consiste <br />\nen la utilización de carne seca, la cual se corta o desmenuza y luego se golpea <br />\npara abrir las fibras de la carne antes de utilizarla.”</p>\n\n', '<p>“Ingredientes para 4 porciones:</p>\n\n<p>Huevos</p>\n\n<p>250 g de carne seca o cecina<br />\n3 cucharadas de aceite<br />\n1 cebolla picada finamente<br />\n1 diente de ajo picado finamente<br />\n3 jitomates picados<br />\n2 chiles serranos sin venas ni semillas picados finamente<br />\n8 huevos batidos ligeramente<br />\nsal al gusto</p>\n\n<p><br />\nSalsa de chile cascabel</p>\n\n<p>6 chiles cascabel limpios sin semillas <br />\nni venas<br />\n2 jitomates asados<br />\n¾ de taza de agua<br />\n2 dientes de ajo grandes asados, pelados <br />\ny troceados<br />\n1 cucharadita de sal</p>\n\n<p><br />\nPresentación</p>\n\n<p>tortillas de maíz al gusto”</p>\n\n', 10, 15, 2, 'saladas_12', 0, 2, 0),
(85, 'Huevos divorciados', 10, 12, '<p>&#8220;Huevos</p>\n\n<p>• Caliente aceite en un sartén y haga un huevo estrellado; añada un poco de sal durante la cocción. Continúe con el resto de los huevos añadiendo más aceite entre cada uno.</p>\n\n<p><br />\nPresentación</p>\n\n<p>• Ponga 2 huevos estrellados por plato; bañe uno con salsa verde y otro con salsa roja, y acompañe con los frijoles refritos y los totopos.</p>\n\n<p><br />\nÉsta es una de las formas más populares de consumir el huevo en México. Para hacer más evidente el nombre puede servir los huevos separados con un poco de frijoles.&#8221;</p>\n\n', '<p>&#8220;Ingredientes para 4 porciones:</p>\n\n<p>Huevos</p>\n\n<p>8 huevos<br />\nc/s de aceite para freír<br />\nsal al gusto</p>\n\n<p><br />\nPresentación</p>\n\n<p>1 receta de salsa verde<br />\n1 receta de salsa roja<br />\n1½ tazas de frijoles refritos<br />\ntotopos al gusto&#8221;</p>\n\n', 5, 15, 2, 'saladas_13', 0, 1, 0),
(86, 'Huevos motuleños', 10, 12, '<p>“Huevos</p>\n\n<p>• Caliente el aceite en un sartén y pase una a una las tortillas dentro de él sólo para que se suavicen. Colóquelas sobre papel absorbente para eliminar el exceso de grasa y reserve.<br />\n• Haga unos huevos estrellados en el mismo sartén, agregue sal. Si fuera necesario, añada más aceite entre cada huevo.<br />\n• Unte sobre cada tortilla un poco de frijoles refritos y ponga encima 1 huevo.</p>\n\n<p><br />\nSalsa</p>\n\n<p>• Licue los jitomates, la cebolla, el ajo, el vinagre y el agua.<br />\n• Caliente en una cacerola el aceite y vierta la salsa. Añada la hoja de laurel, el chile habanero y sal; deje hervir a fuego bajo durante 5 minutos sin dejar de mover. Retire del fuego, deseche la hoja de laurel, verifique la sal y reserve.</p>\n\n<p><br />\nPresentación</p>\n\n<p>• Acompañe los huevos con la salsa y las guarniciones.</p>\n\n<p>Tradicionalmente estos huevos se bañan con la salsa, <br />\npero puede servirla en un recipiente por separado.”</p>\n\n', '<p>“Ingredientes para 3 porciones:</p>\n\n<p>Huevos</p>\n\n<p>6 tortillas de maíz<br />\n½ taza de aceite<br />\n6 huevos<br />\n1 taza de frijoles refritos<br />\nsal al gusto</p>\n\n<p><br />\nSalsa</p>\n\n<p>2 jitomates<br />\n¼ de cebolla<br />\n1 diente de ajo<br />\n1 cucharadita de vinagre<br />\n1 taza de agua<br />\n2 cucharadas de aceite<br />\n1 hoja de laurel<br />\n1 chile habanero<br />\nsal al gusto</p>\n\n<p><br />\nGuarniciones</p>\n\n<p>100 g de jamón cortado en cubos pequeños<br />\n100 g de chícharos cocidos<br />\n100 g de queso fresco rallado<br />\n1 plátano macho cortado en rebanadas <br />\ny fritas<br />\n“</p>\n\n', 5, 15, 2, 'saladas_14', 0, 0, 0);
INSERT INTO `recetas` (`id`, `titulo`, `id_categoria`, `id_app`, `procedimiento`, `ingredientes`, `preparacion`, `coccion`, `costo`, `foto`, `user_fav`, `dificultad`, `preparada`) VALUES
(87, 'Huevos rabo de mestiza', 10, 12, '<p>&#8220;Salsa</p>\n\n<p>• Licue los jitomates con el ajo y el agua. Caliente el aceite en una cacerola extendida y fría el molido; deje cocinar durante unos minutos.<br />\n• Agregue las rajas de chile, la cebolla y sal; cueza durante 3 minutos.</p>\n\n<p><br />\nHuevos</p>\n\n<p>• Añada los huevos, uno a uno, evitando que se junten y que se estrellen las yemas. Deje hervir hasta que estén cocidos.</p>\n\n<p><br />\nPresentación</p>\n\n<p>• Sirva acompañados con los cubos de queso.</p>\n\n<p><br />\nTradicionalmente este platillo se elabora con rajas de chile poblano, pero puede sustituirlas por rajas de pimiento morrón en caso de que no lo desee picante.&#8221;</p>\n\n', '<p>&#8220;Ingredientes para 3 porciones:</p>\n\n<p>Salsa</p>\n\n<p>4 jitomates<br />\n1 diente de ajo<br />\n1 taza de agua<br />\n1 cucharada de aceite<br />\n2 chiles poblano asados, pelados, desvenados y cortados en rajas<br />\n½ cebolla fileteada<br />\nsal al gusto</p>\n\n<p><br />\nHuevos</p>\n\n<p>6 huevos</p>\n\n<p><br />\nPresentación</p>\n\n<p>½ taza de queso panela cortado en cubos pequeños&#8221;</p>\n\n', 5, 15, 2, 'saladas_15', 0, 1, 0),
(88, 'Huevos rancheros', 10, 12, '<p>&#8220;Huevos</p>\n\n<p>• Caliente en un sartén el aceite y pase una a una las tortillas dentro de él, dejándolas suaves o crujientes según su preferencia. Colóquelas sobre papel absorbente para retirar el exceso de aceite.<br />\n• Haga unos huevos estrellados en el mismo sartén; si fuera necesario, añada más aceite entre cada uno.</p>\n\n<p><br />\nSalsa de chile de árbol</p>\n\n<p>• Cueza los jitomates, los chiles, la cebolla y los ajos en el agua. Retire del fuego, deje enfriar y lícuelos con un poco del agua de cocción.<br />\n• Caliente el aceite y fría la salsa. Deje reducir según la consistencia que desee, añada sal y reserve.</p>\n\n<p><br />\nPresentación</p>\n\n<p>• Coloque encima de cada tortilla un huevo y bañe con la salsa de chile de árbol. Acompañe con las rebanadas de bolillo.</p>\n\n<p><br />\nGeneralmente el término ranchero es aplicado a las preparaciones que contienen alguna salsa o caldillo de jitomate.&#8221;</p>\n\n', '<p>&#8220;Ingredientes para 3 porciones:</p>\n\n<p>Huevos</p>\n\n<p>6 tortillas de maíz<br />\nc/s de aceite para freír<br />\n6 huevos</p>\n\n<p><br />\nSalsa de chile de árbol</p>\n\n<p>½ kg de jitomates<br />\n2 chiles de árbol frescos grandes<br />\n¼ de cebolla<br />\n2 dientes de ajo chicos<br />\n1 l de agua<br />\n2 cucharadas de aceite<br />\nsal al gusto</p>\n\n<p><br />\nPresentación</p>\n\n<p>rebanadas de bolillo doradas al gusto&#8221;</p>\n\n', 5, 15, 2, 'saladas_16', 0, 1, 0),
(89, 'Huevos tirados', 10, 12, '<p>&#8220;Frijoles refritos</p>\n\n<p>• Machaque los frijoles con el caldo hasta que estén bien triturados.<br />\n• Caliente en un sartén la manteca a fuego alto, espere a que humee ligeramente y fría la cebolla hasta que esté muy dorada, casi negra. Añada los frijoles machacados y mueva constantemente, de lo contrario se pegarán al fondo; la preparación espesará en unos minutos. Después de un tiempo notará que los frijoles se habrán vuelto una masa que se mantiene unida; esa es la consistencia deseada. Reserve.</p>\n\n<p><br />\nSalsa de chile costeño</p>\n\n<p>• Cueza los jitomates y los chiles en el agua durante 10 minutos; retire del fuego y deje enfriar.<br />\n• Licue los ingredientes cocidos con el ajo y 1?3 de taza del agua de cocción de los chiles hasta obtener una salsa tersa.<br />\n• Vierta la salsa en un recipiente, añada la cebolla, el cilantro y sal; mezcle y reserve. </p>\n\n<p><br />\nHuevos</p>\n\n<p>• Caliente el aceite, añada los huevos y sal. Mueva ocasionalmente, y cuando estén ligeramente cocidos, agregue los frijoles.<br />\n• Mezcle bien para integrar ambos ingredientes. Retire del fuego cuando todo esté cocido.</p>\n\n<p><br />\nPresentación</p>\n\n<p>• Sirva los huevos con la salsa de chile costeño, el queso fresco y las tortillas.</p>\n\n<p><br />\nPuede reservar algunos frijoles enteros y mezclarlos <br />\ncon los frijoles refritos.&#8221;</p>\n\n', '<p>&#8220;Ingredientes para 3 porciones:</p>\n\n<p>Frijoles refritos (3 tazas)</p>\n\n<p>3 tazas de frijoles de la olla con su caldo <br />\n1?3 de taza de manteca de cerdo<br />\n2 cucharadas de cebolla picada finamente</p>\n\n<p><br />\nSalsa de chile costeño</p>\n\n<p>250 g de jitomates asados<br />\n3 chiles costeños grandes sin semillas <br />\nni venas, asados<br />\n1 taza de agua<br />\n1 diente de ajo<br />\n¼ de taza de cebolla picada finamente<br />\n¼ de taza de cilantro picado finamente<br />\nsal al gusto</p>\n\n<p><br />\nHuevos</p>\n\n<p>3 cucharadas de aceite<br />\n6 huevos batidos ligeramente<br />\nsal al gusto<br />\n1 taza de frijoles refritos</p>\n\n<p><br />\nPresentación</p>\n\n<p>½ taza de queso fresco cortado en cubos (opcional)<br />\ntortillas de maíz al gusto&#8221;</p>\n\n', 15, 25, 1, 'saladas_17', 0, 1, 0),
(90, 'Machaca con huevo', 10, 12, '<p>&#8220;Salsa</p>\n\n<p>• Cueza los jitomates, los chiles, la cebolla y los ajos con el agua y sal. Retire del fuego, deje enfriar, licue, cuele y reserve.</p>\n\n<p><br />\nMachaca</p>\n\n<p>• Caliente el aceite en un sartén, agregue la machaca y fría ligeramente.<br />\n• Añada los huevos, deje cocer un poco y vierta la salsa. Mezcle y mueva ocasionalmente hasta que todo esté cocido.</p>\n\n<p><br />\nFrijoles charros</p>\n\n<p>• Cueza los frijoles con el agua hasta que estén suaves; en olla de presión 30 minutos y en olla normal, 2 horas.<br />\n• Fría el tocino en una cazuela a fuego medio hasta que se dore ligeramente y suelte su grasa; agregue el chorizo, deje dorar un poco y añada la cebolla, el ajo, los jitomates, el chile y sal; deje que todo se sofría muy bien.<br />\n• Añada el sofrito de tocino cuando los frijoles estén cocidos y suaves, y deje cocer durante 10 minutos más.<br />\n• Pruebe, ajuste la cantidad de sal y agregue el cilantro y el chicharrón poco antes de servir los frijoles.</p>\n\n<p><br />\nPresentación</p>\n\n<p>• Acompañe con los frijoles charros, las tortillas de harina, los jitomates y el chile de árbol.&#8221;</p>\n\n', '<p>&#8220;Ingredientes para 3 porciones:</p>\n\n<p>Salsa (opcional)</p>\n\n<p>½ kg de jitomates<br />\n3 chiles de árbol frescos<br />\n½ cebolla<br />\n2 dientes de ajo<br />\n1 l de agua<br />\nsal al gusto</p>\n\n<p><br />\nMachaca</p>\n\n<p>3 cucharadas de aceite<br />\n300 g de machaca (carne seca picada)<br />\n6 huevos batidos ligeramente</p>\n\n<p><br />\nFrijoles charros</p>\n\n<p>125 g de frijoles bayos remojados desde la noche anterior<br />\n1½ l de agua<br />\n50 g de tocino picado<br />\n75 g de chorizo desmenuzado<br />\n½ cebolla picada<br />\n½ cucharada de ajo picado finamente<br />\n1½ jitomates picados<br />\n1½ cucharadas de chile serrano picado finamente<br />\n¼ de taza de cilantro picado<br />\ntrozos de chicharrón al gusto<br />\nsal al gusto</p>\n\n<p><br />\nPresentación</p>\n\n<p>tortillas de harina al gusto<br />\njitomates cortados en gajos, al gusto<br />\nchile de árbol cortado en rodajas, al gusto&#8221;</p>\n\n', 5, 45, 2, 'saladas_18', 0, 2, 0),
(91, 'Molletes de rajas con elote y champiñones', 10, 12, '<p>&#8220;Rajas con elote</p>\n\n<p>• Caliente el aceite y acitrone la cebolla. Incorpore los granos de elote y las rajas, añada sal y retire del fuego. Reserve.</p>\n\n<p><br />\nChampiñones</p>\n\n<p>• Caliente en un sartén el aceite y sofría la cebolla. Añada los champiñones, deje cocer durante 2 minutos, agregue el epazote, sal y retire del fuego. Reserve.</p>\n\n<p><br />\nSalsa pico de gallo</p>\n\n<p>• Mezcle todos los ingredientes y reserve. </p>\n\n<p><br />\nMolletes</p>\n\n<p>• Precaliente el horno a 160 ºC.<br />\n• Quite un poco de migajón a las mitades de bolillo y úntelas con frijoles refritos. Agregue a 4 mitades las rajas con elote y a las restantes, los champiñones. Espolvoree los molletes con queso.<br />\n• Coloque en una charola los molletes y hornéelos hasta que se doren ligeramente y el queso se funda.</p>\n\n<p><br />\nPresentación</p>\n\n<p>• Sirva calientes y acompañe con la salsa pico de gallo.&#8221;</p>\n\n', '<p>&#8220;Ingredientes para 4 porciones:</p>\n\n<p>Rajas con elote</p>\n\n<p>1 cucharada de aceite<br />\n¼ de cebolla fileteada<br />\n½ taza de granos de elote precocidos<br />\n2 chiles poblano asados pelados, sin semillas ni venas y cortados en rajas<br />\nsal al gusto</p>\n\n<p><br />\nChampiñones</p>\n\n<p>1 cucharada de aceite<br />\n¼ de cebolla fileteada<br />\n10 champiñones fileteados<br />\n4 hojas de epazote picadas<br />\nsal al gusto</p>\n\n<p><br />\nSalsa pico de gallo</p>\n\n<p>3 jitomates maduros cortados en cubos<br />\n½ taza de cebolla picada finamente<br />\n1?3 de taza de cilantro picado finamente<br />\n1½ cucharadas de chile serrano verde picado finamente<br />\nsal al gusto</p>\n\n<p><br />\nMolletes</p>\n\n<p>4 bolillos partidos por la mitad<br />\n1 taza de frijoles refritos<br />\n250 g de queso tipo manchego rallado&#8221;</p>\n\n', 15, 15, 2, 'saladas_19', 0, 0, 0),
(92, 'Omelette con salsa de huitlacoche', 10, 12, '<p>&#8220;Omelette</p>\n\n<p>• Bata enérgicamente 2 huevos con sal y pimienta hasta que queden espumosos. Caliente 1 cucharada de aceite en un sartén pequeño a fuego bajo y vierta los huevos; deje que cuajen ligeramente y coloque un poco de queso. Doble los bordes hacia el centro para cubrir el relleno y termine la cocción. Deberá obtener al final un omelette aún cremoso por dentro. Repita el mismo procedimiento con el resto de los huevos.</p>\n\n<p><br />\nSalsa de huitlacoche</p>\n\n<p>• Caliente el aceite o la mantequilla y acitrone la cebolla; añada el huitlacoche, el epazote, el caldo de pollo y sal. Deje sobre el fuego durante 5 minutos y licue. Verifique la sal y reserve.</p>\n\n<p><br />\nPresentación</p>\n\n<p>• Coloque en un plato el omelette, acompañe con la salsa de huitlacoche, la lechuga y las rajas con elote.&#8221;</p>\n\n', '<p>&#8220;Ingredientes para 4 porciones:</p>\n\n<p>Omelette</p>\n\n<p>8 huevos<br />\nsal y pimienta al gusto<br />\n4 cucharadas de aceite<br />\n300 g de queso manchego rallado</p>\n\n<p><br />\nSalsa de huitlacoche</p>\n\n<p>2 cucharadas de aceite o mantequilla<br />\n½ cebolla picada<br />\n250 g de huitlacoche<br />\n2 cucharadas de epazote picado<br />\n3 tazas de caldo de pollo<br />\nsal al gusto</p>\n\n<p><br />\nPresentación</p>\n\n<p>hojas de lechuga al gusto<br />\n1 receta de rajas con elote&#8221;</p>\n\n', 5, 15, 3, 'saladas_20', 0, 2, 0),
(93, 'Pancita', 10, 12, '<p>&#8220;Pancita</p>\n\n<p>• Coloque en una olla de presión la panza, 1½ litros de agua, la cebolla, los ajos y la sal. Tape y cueza por 20 minutos a partir de que comience a escapar el vapor. Deje enfriar. Corte la panza en cuadros de 3 centímetros por lado y reserve.<br />\n• Ase los chiles por la parte más brillante y trocéelos.<br />\n• Caliente 1?8 de taza de aceite y fría la cebolla picada, los ajos, los chiles y las pimientas. Añada un poco de agua y cueza por unos minutos para que los chiles se suavicen; deje enfriar y licue hasta obtener una salsa muy tersa y cuele. <br />\n• Caliente el aceite restante y fría la salsa hasta que se cueza.<br />\n• Vierta a la pancita la salsa de chiles y mezcle; añada el agua restante, deje hervir y baje el fuego; cueza por 10 minutos más. Unos instantes antes de servir, agregue el epazote y retire la cebolla y los ajos.</p>\n\n<p><br />\nPresentación</p>\n\n<p>• Deseche las ramas de epazote y sirva caliente. Acompañe con las guarniciones.</p>\n\n<p><br />\nLa pancita es un platillo clásico para desayunar o almorzar. Se dice que es perfecta para reducir los estragos de una “cruda”.&#8221;</p>\n\n', '<p>&#8220;Ingredientes para 8 porciones:</p>\n\n<p>Pancita</p>\n\n<p>2 kg de panza de res, limpia<br />\n3 l de agua<br />\n½ cebolla<br />\n2 dientes de ajo grandes<br />\n2 cucharadas de sal<br />\n4 chiles guajillo sin semillas ni venas<br />\n1 chile ancho sin semillas ni venas<br />\n¼ de taza de aceite<br />\n½ cebolla picada<br />\n2 dientes de ajo grandes, troceados<br />\n4 pimientas negras<br />\n4 ramas de epazote</p>\n\n<p><br />\nPresentación</p>\n\n<p>1?3 de taza de cebolla picada finamente<br />\nchiles de árbol secos al gusto<br />\norégano seco al gusto<br />\nlimones partidos por la mitad, al gusto<br />\ntortillas de maíz al gusto&#8221;</p>\n\n', 10, 40, 1, 'saladas_21', 0, 2, 0),
(94, 'Pastel azteca', 10, 12, '<p>&#8220;Salsa de chile pasilla y crema</p>\n\n<p>• Licue los chiles pasilla con el jitomate. Caliente la crema en una cacerola y vierta la salsa. Mezcle bien, agregue sal, y al primer hervor, retire del fuego. </p>\n\n<p><br />\nPastel</p>\n\n<p>• Precaliente el horno a 180 ºC.<br />\n• Caliente el aceite y pase dentro de él las tortillas una a una sólo para que se suavicen.<br />\n• Arme el pastel en un refractario; coloque una capa de tortillas, una capa de salsa de chile pasilla y crema, un poco de pollo, granos de elote, flor de calabaza, rajas de chile poblano y un poco de queso. Repita la operación tres veces más terminando con salsa y queso.<br />\n• Hornee durante 20 minutos. </p>\n\n<p><br />\nPresentación</p>\n\n<p>• Corte el pastel en porciones individuales y sirva.&#8221;</p>\n\n', '<p>&#8220;Ingredientes para 6 porciones:</p>\n\n<p>Salsa de chile pasilla y crema</p>\n\n<p>6 chiles pasilla asados, sin semillas ni venas y remojados<br />\n1 jitomate asado<br />\n½ l de crema<br />\nsal al gusto</p>\n\n<p><br />\nPastel</p>\n\n<p>½ kg de tortillas de maíz<br />\n100 ml de aceite<br />\n1 taza de pollo cocido y deshebrado<br />\n1 taza de granos de elote cocidos<br />\n10 flores de calabaza limpias y troceadas<br />\n3 chiles poblano asados, pelados, sin semillas ni venas y cortados en rajas<br />\n½ kg de queso Chihuahua rallado</p>\n\n<p><br />\nMaterial específico</p>\n\n<p>1 refractario grande o 6 individuales&#8221;</p>\n\n', 15, 25, 2, 'saladas_22', 0, 2, 0),
(95, 'Puntas de filete en chipotle', 10, 12, '<p>&#8220;Puntas de filete</p>\n\n<p>• Salpimente las puntas de filete. Caliente en un sartén de fondo grueso el aceite y selle las puntas. Reserve calientes.</p>\n\n<p><br />\nSalsa</p>\n\n<p>• Ponga en el mismo sartén el ajo y el caldo; con una pala de madera raspe todos los residuos del sartén. Agregue los jitomates, el chipotle, y retire del fuego cuando el jitomate esté cocido. Licue, cuele, y vierta nuevamente en el sartén. Deje reducir la salsa ligeramente y verifique la sal.<br />\n• Añada las puntas de filete a la salsa y mezcle.</p>\n\n<p><br />\nPresentación</p>\n\n<p>• Sirva con los frijoles charros, la cebolla y espolvoree el cilantro.</p>\n\n<p><br />\nPara un sabor diferente, sustituya el chile chipotle por chile mora, <br />\nmorita o cascabel.&#8221;</p>\n\n', '<p>&#8220;Ingredientes para 4 porciones:</p>\n\n<p>Puntas de filete</p>\n\n<p>600 g de puntas de filete de res limpio<br />\nsal y pimienta al gusto<br />\n1 cucharada de aceite</p>\n\n<p><br />\nSalsa</p>\n\n<p>1 diente de ajo machacado<br />\n1½ tazas de caldo de res<br />\n3 jitomates troceados<br />\n2 cucharadas de chiles chipotle adobados, picados<br />\nsal al gusto</p>\n\n<p><br />\nPresentación</p>\n\n<p>frijoles charros al gusto<br />\ncebolla fileteada y desflemada, al gusto<br />\ncilantro picado al gusto&#8221;</p>\n\n', 5, 15, 1, 'saladas_23', 0, 3, 0),
(96, 'Quesadillas de quelites con requesón', 10, 12, '<p>&#8220;Relleno</p>\n\n<p>• Limpie los quelites para utilizar únicamente las hojas. Obtendrá ½ kg aproximadamente.<br />\n• Caliente a fuego alto una cacerola con el aceite y sofría la cebolla con los chiles; añada el ajo, cueza por 1 minuto más y agregue poco a poco los quelites mezclando bien entre cada tanda. Añada sal, tape la cacerola y deje cocer durante unos minutos. Retire del fuego y reserve.</p>\n\n<p><br />\nQuesadillas</p>\n\n<p>• Caliente las tortillas en un comal y coloque en el centro de cada una requesón y 2 cucharadas de quelites; doble las tortillas por la mitad y deje que se tuesten ligeramente por ambos lados.</p>\n\n<p><br />\nAcompañe estas quesadillas con alguna salsa roja o verde.<br />\nLa variedad de quelites en México es grande: cenizo, malva, quintonil, lengua de vaca, huauzontle, entre otros. Elabore estas quesadillas con cualquiera de temporada. Todos ellos, además de aportar sabor, son una fuente importante de minerales.<br />\nSustituya el requesón por queso adobera o Cotija para un sabor más pronunciado.&#8221;</p>\n\n', '<p>&#8220;Ingredientes para 6 porciones:</p>\n\n<p>Relleno</p>\n\n<p>1 kg de quelite cenizo<br />\n3 cucharadas de aceite<br />\n1 taza de cebolla fileteada<br />\n4 chiles jalapeño sin semillas ni venas cortados en rajas<br />\n1 cucharada de ajo picado<br />\nsal al gusto</p>\n\n<p><br />\nQuesadillas</p>\n\n<p>12 tortillas de maíz recién hechas<br />\n200 g de requesón&#8221;</p>\n\n', 10, 10, 2, 'saladas_24', 0, 0, 0),
(97, 'Queso panela asado con nopales', 10, 12, '<p>&#8220;Nopales</p>\n\n<p>• Bañe los nopales con el jugo de limón y salpimente.<br />\n• Ase los nopales en un sartén con poco aceite. Retire los nopales y ase las re­banadas de queso.</p>\n\n<p><br />\nSalsa de chile pasilla</p>\n\n<p>• Licue todos los ingredientes excepto el aceite; caliente este último y fría la salsa por unos minutos, rectifique la sazón y reserve.<br />\nPresentación<br />\n• Sirva acompañado de las rebanadas de jitomate y la salsa de chile pasilla.</p>\n\n<p><br />\nEl queso puede ser sustituido por algún otro como el asadero. Esta preparación <br />\nes ideal como complemento de un huarache.&#8221;</p>\n\n', '<p>&#8220;Ingredientes para 6 porciones:</p>\n\n<p>Nopales</p>\n\n<p>6 nopales tiernos<br />\nel jugo de 1 limón<br />\nsal y pimienta al gusto<br />\nc/s de aceite<br />\n600 g de queso panela cortado <br />\nen rebanadas gruesas</p>\n\n<p><br />\nSalsa de chile pasilla</p>\n\n<p>6 chiles pasilla asados, sin semillas <br />\nni venas y remojados<br />\n1 jitomate asado<br />\n½ cebolla asada<br />\n1 diente de ajo asado<br />\nsal al gusto<br />\n2 cucharadas de aceite</p>\n\n<p><br />\nPresentación</p>\n\n<p>2 jitomates bola cortados en rebanadas <br />\no en gajos<br />\nchile pasilla frito y troceado al gusto&#8221;</p>\n\n', 5, 10, 2, 'saladas_25', 0, 2, 0),
(98, 'Sopes', 10, 12, '<p>&#8220;Sopes</p>\n\n<p>• Mezcle la masa con un poco de agua y sal.<br />\n• Forme, entre 2 hojas de plástico, tortillas de 8 centímetros de diámetro y ½ centímetro de grosor con la ayuda de una tortilladora. Póngalas sobre un comal caliente durante 3 minutos o hasta que la masa se torne opaca; voltéelas y cueza del otro lado por 3 minutos más. Deberá obtener 12 sopes.<br />\n• Haga a cada tortilla un borde presionando las orillas con los dedos. Debe quedar una pared alrededor, que es la que evitará que el relleno se salga. Reserve los sopes en un recipiente tapados con un paño hasta el momento de utilizarlos.</p>\n\n<p><br />\nSalsa verde</p>\n\n<p>• Licue los tomates con los chiles hasta que obtenga una salsa tersa.<br />\n• Añada la cebolla, el ajo, el cilantro, la sal y licue nuevamente; reserve.</p>\n\n<p><br />\nSalsa roja</p>\n\n<p>• Ase el jitomate, los chiles, la cebolla y los ajos; deje reposar por 20 minutos.<br />\n• Licue los ingredientes asados con sal; reserve.</p>\n\n<p><br />\nPresentación</p>\n\n<p>• Caliente el aceite en un sartén y coloque boca abajo los sopes para que se calienten y se frían. Voltéelos y ponga sobre cada uno un poco de frijoles refritos, asegurándose de que cubran todo el interior.<br />\n• Agregue en cada uno un poco de salsa verde o roja, lechuga, a la mitad pollo y al resto, chorizo; al final cebolla, queso y crema a todos. <br />\n• Retírelos del fuego, colóquelos sobre una servilleta de papel para retirar el exceso de grasa y sirva.&#8221;</p>\n\n', '<p>&#8220;Ingredientes para 6 porciones:</p>\n\n<p>Sopes</p>\n\n<p>400 g de masa para tortillas<br />\nc/s de agua<br />\nc/s de sal</p>\n\n<p><br />\nSalsa verde</p>\n\n<p>½ kg de tomates troceados<br />\n3 chiles de árbol frescos<br />\n¼ de taza de cebolla picada<br />\n½ cucharadita de ajo picado<br />\n¼ de taza de cilantro fresco picado<br />\nsal al gusto</p>\n\n<p><br />\nSalsa roja</p>\n\n<p>½ kg de jitomate<br />\n2 chiles de árbol frescos, grandes<br />\n¼ de cebolla picada<br />\n2 dientes de ajo chicos<br />\nsal al gusto</p>\n\n<p><br />\nPresentación</p>\n\n<p>6 cucharadas de aceite para freír<br />\n1 taza de frijoles refritos<br />\n2 tazas de lechuga rebanada finamente<br />\n1 taza de pollo cocido y deshebrado<br />\n1 taza de chorizo frito<br />\n½ taza de cebolla picada<br />\n¾ de taza de queso fresco rallado<br />\n½ taza de crema espesa (opcional)&#8221;</p>\n\n', 30, 25, 2, 'saladas_26', 0, 0, 0),
(99, 'Tamal de cazuela', 10, 12, '<p>&#8220;Relleno</p>\n\n<p>• Cueza la carne con 2 ajos, sal y el agua durante 1 hora. Retire la carne del caldo y deshébrela; reserve por separado la carne y el caldo.<br />\n• Muela los chiles con el ajo restante, la cebolla y los jitomates. Si es necesario, agregue un poco de agua.<br />\n• Caliente la manteca en una cacerola y fría la salsa hasta que espese. Agregue la carne y cueza por 2 minutos más y rectifique la sazón. Retire del fuego y reserve. </p>\n\n<p><br />\nTamal</p>\n\n<p>• Precaliente el horno a 180 ºC.<br />\n• Disuelva la masa con un poco de caldo de cerdo. Hierva en una cacerola el caldo restante y agregue la masa disuelta sin dejar de mover. Cuando se despegue la masa de la cacerola, agregue la manteca y la sal. Deje por 10 minutos más en el fuego moviendo constantemente para que no se pegue al fondo de la cacerola.<br />\n• Arme el tamal vaciando en una cazuela de barro engrasada con manteca la mitad de la masa y distribuyéndola muy bien. Coloque el relleno y vierta la otra mitad de la masa, cubriendo el relleno.<br />\n• Coloque encima las hojas santa y hornee durante 50 minutos.<br />\nPresentación<br />\n• Corte el tamal en porciones individuales y sirva.&#8221;</p>\n\n', '<p>&#8220;Ingredientes para 8 porciones:</p>\n\n<p>Relleno</p>\n\n<p>½ kg de carne maciza de cerdo<br />\n3 dientes de ajo<br />\nsal al gusto<br />\n2 l de agua<br />\n50 g de chiles mulato asados, sin semillas ni venas y remojados<br />\n50 g de chiles ancho asados, sin semillas <br />\nni venas y remojados<br />\n50 g de chiles pasilla asados, sin semillas <br />\nni venas y remojados<br />\n2 cucharadas de cebolla picada finamente<br />\n2 jitomates asados<br />\nc/s de agua<br />\n3 cucharadas de manteca de cerdo</p>\n\n<p><br />\nTamal</p>\n\n<p>1 kg de masa de maíz<br />\nel caldo de cerdo que obtuvo de la cocción de la carne<br />\n200 g de manteca de cerdo + c/s para engrasar<br />\n1 cucharada de sal<br />\n3 hojas santa</p>\n\n<p><br />\nMaterial específico</p>\n\n<p>1 refractario grande u 8 individuales&#8221;</p>\n\n', 15, 90, 2, 'saladas_27', 0, 0, 0),
(100, 'Tamal oaxaqueño', 10, 12, '<p>&#8220;Masa</p>\n\n<p>• Mezcle la manteca, el polvo para hornear y la sal; bata hasta que la manteca se torne blanca.<br />\n• Añada la harina de maíz y 1 taza de caldo; bata hasta que todo se incorpore y esté bien mezclado (si la masa se ve o se siente seca, añada el resto del caldo; debe quedar ligeramente aguada).</p>\n\n<p><br />\nRelleno</p>\n\n<p>• Caliente el caldo de pollo y disuelva el mole. Mezcle el mole con las carnes, si es necesario añada sal, y reserve.<br />\nEnsamble<br />\n• Coloque sobre un cuadro de hoja de plátano 1?3 de taza de masa y encima un poco del relleno.<br />\n• Cierre los tamales y colóquelos de forma horizontal dentro de la vaporera con agua. Cueza a fuego alto, espere a que salga el vapor de la olla, y a partir de ese momento cuézalos por 50 minutos. Apague el fuego y deje reposar al menos durante 20 minutos.</p>\n\n<p><br />\nSe ha generalizado el designar a un tamal como oaxaqueño cuando está envuelto <br />\nen hoja de plátano, sin importar mucho el relleno que contenga. En este caso, <br />\nse optó por un mole negro y carne de cerdo, a la manera tradicional de Oaxaca.&#8221;</p>\n\n', '<p>&#8220;Ingredientes para 8 porciones:</p>\n\n<p>Masa</p>\n\n<p>1 taza de manteca de cerdo<br />\n1 cucharada de polvo para hornear<br />\n1 cucharada de sal<br />\n1 kg de harina de maíz para tamales<br />\n1½ tazas de caldo de cerdo, pollo o agua</p>\n\n<p><br />\nRelleno</p>\n\n<p>2 tazas de caldo de pollo o agua<br />\n200 g de mole negro en pasta<br />\n½ kg de pierna de cerdo cocida <br />\ny deshebrada<br />\n1 pechuga de pollo cocida y deshebrada<br />\nsal al gusto</p>\n\n<p><br />\nEnsamble</p>\n\n<p>c/s de hojas de plátano asadas cortadas en cuadros grandes</p>\n\n<p><br />\nMaterial específico</p>\n\n<p>1 vaporera&#8221;</p>\n\n', 30, 60, 2, 'saladas_28', 0, 2, 0),
(101, 'Tamales de rajas', 10, 12, '<p>&#8220;Masa</p>\n\n<p>• Bata la manteca con la sal y el polvo para hornear hasta que blanquee.<br />\n• Mezcle la harina para tamales con la manteca batida. Añada el caldo y bata hasta obtener una mezcla homogénea y esponjada. Reserve.</p>\n\n<p><br />\nTamales de rajas</p>\n\n<p>• Licue los jitomates, la cebolla y el ajo. Caliente en una cacerola el aceite y fría la salsa. Agregue sal y deje hervir durante 5 minutos. Deje enfriar.<br />\n• Tome un poco de la masa preparada y con una cuchara grande extiéndala en una hoja de maíz, ponga 3 o 4 rajas de chile jalapeño al centro, 1 tira de queso, 1 hoja de epazote y un poco de salsa. Cierre el tamal sin apretar demasiado para que la masa no se salga por el orificio de la base de la hoja. Repita este paso con el resto de las hojas y los ingredientes.<br />\n• Acomode los tamales en una vaporera y cuézalos durante 1 hora o hasta que éstos se despeguen fácilmente de la hoja.<br />\n&#8220;</p>\n\n', '<p>&#8220;Ingredientes para 8 porciones:</p>\n\n<p>Masa</p>\n\n<p>1 taza de manteca de cerdo<br />\n1 cucharadita de sal<br />\n1 cucharadita de polvo para hornear<br />\n1 kg de harina de maíz para tamales<br />\n1½ tazas de caldo de pollo o cerdo</p>\n\n<p><br />\nTamales de rajas</p>\n\n<p>10 jitomates<br />\n½ cebolla<br />\n1 diente de ajo<br />\n3 cucharadas de aceite<br />\nsal al gusto<br />\nc/s de hojas de maíz remojadas en agua caliente<br />\n8 chiles jalapeño sin semillas ni venas, cortados en rajas<br />\n½ kg de queso fresco cortado en tiras<br />\nc/s de hojas de epazote</p>\n\n<p><br />\nMaterial específico</p>\n\n<p>1 vaporera&#8221;</p>\n\n', 40, 75, 2, 'saladas_29', 0, 3, 0),
(102, 'Tamal verde', 10, 12, '<p>&#8220;Masa</p>\n\n<p>• Bata la manteca con la sal y el polvo para hornear hasta que blanquee.<br />\n• Mezcle la harina para tamales con la manteca batida. Añada el caldo y bata hasta obtener una mezcla homogénea y esponjada. Reserve.</p>\n\n<p><br />\nTamales verdes</p>\n\n<p>• Licue el tomate, las hojas de cilantro, la cebolla, el ajo, los chiles de árbol y sal para obtener una salsa con un poco de textura. Cuélela para que se escurra toda el agua y quede sólo la pulpa; pruebe, ajuste la cantidad de sal y reserve.<br />\n• Tome un poco de la masa preparada y con una cuchara grande extiéndala en una hoja de maíz; sobre ésta disponga un poco de carne y una cucharada generosa de salsa. Cierre el tamal sin apretar demasiado para que la masa no se salga por el orificio de la base de la hoja. Repita este paso con el resto de las hojas y los ingredientes.<br />\n• Acomode los tamales en una vaporera y cuézalos durante 1 hora o hasta que éstos se despeguen fácilmente de la hoja.&#8221;</p>\n\n', '<p>&#8220;Ingredientes para 8 porciones:</p>\n\n<p>Masa</p>\n\n<p>1 taza de manteca de cerdo<br />\n1 cucharadita de sal<br />\n1 cucharadita de polvo para hornear<br />\n1 kg de harina de maíz para tamales<br />\n1½ tazas de caldo de pollo o cerdo</p>\n\n<p><br />\nTamales verdes</p>\n\n<p>½ kg de tomate verde<br />\n1?3 de taza de hojas de cilantro picadas<br />\n½ cebolla<br />\n1 diente de ajo<br />\n4 chiles de árbol frescos<br />\nsal al gusto<br />\nc/s de hojas de maíz remojadas en agua caliente<br />\n½ kg de carne maciza de cerdo cocida <br />\ny deshebrada</p>\n\n<p><br />\nMaterial específico</p>\n\n<p>1 vaporera&#8221;</p>\n\n', 40, 75, 2, 'saladas_30', 0, 0, 0),
(103, 'Tasajo con entomatadas', 10, 12, '<p>&#8220;Tasajo</p>\n\n<p>• Ase el tasajo en una parrilla caliente.</p>\n\n<p><br />\nEntomatadas</p>\n\n<p>• Cueza el jitomate con la cebolla, el ajo, el chile y el agua; retire del fuego y deje enfriar.<br />\n• Licue todos los ingredientes con un poco del agua de cocción hasta obtener una salsa tersa y fina.<br />\n• Caliente el aceite en una cacerola y vierta el molido de jitomate. Añada el epazote, deje cocer durante unos minutos y verifique la sal.<br />\n• Sumerja una a una las tortillas en la salsa, retírelas y dóblelas a la mitad. Sirva inmediatamente con el tasajo.</p>\n\n<p><br />\nPresentación</p>\n\n<p>• Sirva el tasajo, acompañe con los frijoles refritos y 2 entomatadas decoradas con el queso, los aros de cebolla y la crema.</p>\n\n<p><br />\nAl desayunar tasajo en el mercado Juárez, en la capital oaxaqueña, se refleja en sus comerciantes el espíritu de camaradería. La venta no se concentra en un sólo vendedor, sino en varios: la persona que vende el tasajo y lo asa, la señora que vende las tortillas hechas a mano y el que vende las ensaladas y acompañamientos, como salsas y limones. Así cada quién decide en dónde adquirir su desayuno.&#8221;</p>\n\n', '<p>&#8220;Ingredientes para 6 porciones:</p>\n\n<p>Tasajo</p>\n\n<p>1 kg de tasajo</p>\n\n<p><br />\nEntomatadas</p>\n\n<p>½ kg de jitomate guaje<br />\n¼ de cebolla<br />\n2 dientes de ajo<br />\n1 chile de agua o jalapeño<br />\n1 l de agua<br />\n2 cucharadas de aceite<br />\n1 rama de epazote<br />\nsal al gusto<br />\n12 tortillas de maíz pasadas por aceite caliente</p>\n\n<p><br />\nPresentación</p>\n\n<p>1½ tazas de frijoles refritos<br />\n100 g de queso fresco rallado<br />\n½ cebolla cortada en aros delgados<br />\n6 cucharadas de crema ácida&#8221;</p>\n\n', 10, 15, 3, 'saladas_31', 0, 0, 0),
(104, 'Fruta con yogurth y compota de capulín', 11, 12, '<p>&#8220;Compota de capulín</p>\n\n<p>• Coloque todos los ingredientes en una olla y hiérvalos hasta que los capulines se deshagan. Pase la mezcla por un colador presionando bien para que únicamente queden las semillas en él; deséchelas.<br />\n• Ponga la pulpa de capulín a fuego bajo hasta que adquiera una consistencia de mermelada ligera; retire del fuego y deje enfriar.<br />\nFruta con yogur<br />\n• Parta la fruta en trozos medianos, del tamaño de un bocado.<br />\nPresentación<br />\n• Sirva la fruta acompañada del yogur y la compota de capulín.</p>\n\n<p><br />\nPuede sustituir el capulín por higo.<br />\nEl capulín es un fruto pequeño, de color rojizo casi negro y de sabor dulce. <br />\nEl aprovechamiento de esta fruta es completo, ya que la semilla que contiene <br />\nen el centro se tuesta con sal para venderla como botana junto con las pepitas <br />\nde calabaza y los cacahuates; para consumirla, es necesario romper la semilla <br />\no “huesito” de capulín para extraer la pequeña almendra del interior.&#8221;</p>\n\n', '<p>&#8220;Ingredientes para 8 porciones:</p>\n\n<p>Compota de capulín</p>\n\n<p>1 kg de capulín maduro<br />\n1 taza de azúcar<br />\n1 l de agua</p>\n\n<p><br />\nFruta con yogur</p>\n\n<p>½ melón pelado y sin semillas<br />\n½ papaya pelada y sin semillas<br />\n½ kg de fresa<br />\n4 tunas peladas<br />\n4 guayabas<br />\n4 toronjas peladas y cortadas en supremas<br />\n400 ml de yogur natural&#8221;</p>\n\n', 5, 20, 3, 'dulces_01', 0, 1, 0),
(105, 'Gorditas de nata', 11, 12, '<p>&#8220;• Bata la nata con el azúcar hasta que se disuelva; agregue los huevos uno a uno hasta integrarlos perfectamente. Después, añada la harina, la manteca, el polvo para hornear y la canela. Si la masa está muy seca agregue un poco de leche.<br />\n• Estire la masa con un rodillo sobre una superficie enharinada hasta dejarla de 1 centímetro de grosor y corte círculos.<br />\n• Cueza las gorditas en un comal a fuego medio hasta que estén doradas.</p>\n\n<p><br />\nEs común encontrar en las calles de la ciudad de México a los vendedores <br />\nde estas gorditas. Sin embargo, el hecho de prepararlas en casa, siempre resultará <br />\nen un mérito digno de encomiarse.&#8221;</p>\n\n', '<p>&#8220;Ingredientes para 12 porciones:</p>\n\n<p>1 taza de nata<br />\n½ kg de azúcar<br />\n5 huevos<br />\n1 kg de harina de trigo cernida + c/s para enharinar<br />\n1 cucharada de manteca de cerdo fundida<br />\n2 cucharaditas de polvo para hornear<br />\n1 cucharadita de canela en polvo<br />\nc/s de leche&#8221;</p>\n\n', 15, 10, 2, 'dulces_02', 0, 2, 0),
(106, 'Panqué de nata', 11, 12, '<p>&#8220;Panqué</p>\n\n<p>• Precaliente el horno a 180 ºC.<br />\n• Bata la nata con el azúcar; cuando esta última se haya disuelto, agregue los huevos uno a uno hasta integrarlos perfectamente. Posteriormente añada la leche, la esencia de vainilla y la ralladura de naranja.<br />\n• Cierna la harina con el polvo para hornear y la sal e incorpórelos a la mezcla de nata.<br />\n• Vacíe la preparación en un molde para panqué engrasado y enharinado previamente. Hornee durante 45 minutos o hasta que al insertar un palillo en el centro del panqué éste salga limpio.</p>\n\n<p><br />\nÉste es un panqué muy suave, dulce e ideal para un regalo. Acompáñelo <br />\ncon un café de olla o un chocolate de agua para comenzar el día.&#8221;</p>\n\n', '<p>&#8220;Panqué</p>\n\n<p>1 taza de nata<br />\n2 tazas de azúcar<br />\n4 huevos<br />\n1 taza de leche<br />\n1 cucharada de esencia de vainilla<br />\nla ralladura de 1 naranja<br />\n2 tazas de harina<br />\n3 cucharaditas de polvo para hornear<br />\n1 cucharadita de sal<br />\nc/s de mantequilla y harina para cubrir <br />\nel molde</p>\n\n<p><br />\nMaterial específico</p>\n\n<p>1 molde para panqué&#8221;</p>\n\n', 15, 45, 2, 'dulces_03', 0, 2, 0),
(107, 'Polvorones', 11, 12, '<p>&#8220;Polvorones</p>\n\n<p>• Precaliente el horno a 180 ºC.<br />\n• Mezcle el azúcar con la manteca vegetal. Agregue el bicarbonato, el polvo para hornear, la ralladura, el jugo de naranja y los huevos. Incorpore poco a poco la harina hasta formar una masa uniforme.<br />\n• Estire la masa con un rodillo y sobre una superficie enharinada corte los pol­vorones.<br />\n• Colóquelos en una charola y hornee durante 30 minutos; retire del horno y déjelos reposar por 20 minutos.</p>\n\n<p><br />\nPresentación</p>\n\n<p>• Acompañe los polvorones con chocolate de leche (ver pág. 90).</p>\n\n<p><br />\nLos polvorones forman parte de la panadería tradicional mexicana. Puede variar <br />\nel sabor de éstos sustituyendo la naranja por canela o anís.&#8221;</p>\n\n', '<p>&#8220;Ingredientes para 12 porciones:</p>\n\n<p>Polvorones</p>\n\n<p>½ kg de azúcar<br />\n½ kg de manteca vegetal a temperatura ambiente<br />\n5 g de bicarbonato<br />\n35 g de polvo para hornear<br />\nla ralladura de 1 naranja<br />\nel jugo de media naranja<br />\n2 huevos<br />\n1 kg de harina + c/s para enharinar</p>\n\n<p><br />\nMaterial específico</p>\n\n<p>1 charola para hornear&#8221;</p>\n\n', 15, 30, 1, 'dulces_04', 0, 1, 0),
(108, 'Rollos de canela', 11, 12, '<p>&#8220;Base de levadura</p>\n\n<p>• Disuelva el azúcar y la levadura en el agua. Deje reposar hasta que haga espuma.<br />\nRelleno<br />\n• Mezcle los ingredientes y reserve.</p>\n\n<p><br />\nMasa</p>\n\n<p>• Haga un volcán con la harina y ponga al centro el huevo, la base de levadura, la leche, el azúcar y la sal. Incorpore poco a poco todos los ingredientes. Mezcle hasta que obtenga una masa uniforme; agregue la mantequilla en trozos. Trabaje la masa golpeándola sobre la mesa, estirándola y doblándola sobre sí misma; al principio estará pegajosa, pero no es recomendable agregar más harina.<br />\n• Póngala en un tazón y cúbrala con un paño húmedo. Deje reposar alrededor de 1 hora o hasta que doble su volumen.<br />\n• Precaliente el horno a 180 ºC.<br />\n• Coloque la masa en una superficie enharinada y amase ligeramente. Extien­da formando un rectángulo de unos 40 x 25 centímetros y de 1 centímetro de grosor. Seguido esparza el relleno, enróllelo y corte rebanadas de unos 4 centímetros de grosor.<br />\n• Acomode las rebanadas en un molde circular previamente engrasado y enharinado, dejando un espacio entre ellas; cubra con un paño húmedo y deje reposar en un lugar tibio hasta que doblen su volumen.<br />\n• Hornee durante 30 minutos o hasta que los rollos estén cocidos y dorados. Si se empiezan a dorar y aún no están cocidos, cúbralos con papel aluminio.</p>\n\n<p><br />\nGlaseado</p>\n\n<p>• Mezcle los ingredientes poco a poco; agregue más agua si fuera necesario. Glasee los rollos al salir del horno.&#8221;</p>\n\n', '<p>&#8220;Ingredientes para 12 porciones:</p>\n\n<p>Base de levadura</p>\n\n<p>1 cucharada de azúcar<br />\n3 cucharadas de levadura en polvo<br />\n½ taza de agua tibia</p>\n\n<p><br />\nRelleno</p>\n\n<p>½ taza de mantequilla en trozos <br />\na temperatura ambiente<br />\n1¼ tazas de azúcar mascabado<br />\n¼ de taza de azúcar<br />\n2 cucharadas de canela molida</p>\n\n<p><br />\nMasa</p>\n\n<p>4½ tazas de harina<br />\n1 huevo<br />\n¾ de taza de leche tibia<br />\n½ taza de azúcar<br />\n1 cucharadita de sal<br />\n½ taza de mantequilla a temperatura ambiente</p>\n\n<p><br />\nGlaseado (opcional)</p>\n\n<p>1 taza de azúcar glass<br />\n2 cucharadas de agua<br />\n1 cucharada de extracto de vainilla</p>\n\n<p><br />\nMaterial específico</p>\n\n<p>1 molde circular&#8221;</p>\n\n', 150, 30, 2, 'dulces_05', 0, 2, 0),
(109, 'Torrejas con miel de piloncillo', 11, 12, '<p>&#8220;Torrejas</p>\n\n<p>• Caliente la leche a fuego bajo por 10 minutos, sin que hierva, con la raja de canela y el azúcar. Reserve.<br />\n• Disponga las rebanadas de pan sobre una charola; vierta encima la leche para remojarlas y refrigere.<br />\n• Enharine las rebanadas de pan, páselas por el huevo y fríalas en el aceite caliente por ambos lados. Cuando estén doradas, retírelas del aceite y es­cúrralas sobre papel absorbente. </p>\n\n<p><br />\nMiel de piloncillo</p>\n\n<p>• Mezcle todos los ingredientes y ponga sobre el fuego hasta que tenga una consistencia ligeramente espesa. Deje enfriar.<br />\nPresentación<br />\n• Acompáñelas con la miel de piloncillo y decore con los higos.</p>\n\n<p><br />\nEsta preparación, de origen extranjero, sirve perfectamente para aprovechar <br />\nlos sobrantes de pan duro del día anterior.&#8221;</p>\n\n', '<p>&#8220;Ingredientes para 6 porciones:</p>\n\n<p>Torrejas</p>\n\n<p>1 l de leche<br />\n1 raja de canela<br />\n½ taza de azúcar<br />\n12 rebanadas de pan duro<br />\n¾ de taza de harina<br />\n5 huevos batidos ligeramente<br />\nc/s de aceite para freír</p>\n\n<p><br />\nMiel de piloncillo</p>\n\n<p>1 cono grande de piloncillo<br />\n1 raja de canela<br />\n1 cucharadita de semillas de anís<br />\nel jugo de 1 naranja<br />\n2 tazas de agua</p>\n\n<p><br />\nPresentación</p>\n\n<p>higos cortados en cuartos, al gusto&#8221;</p>\n\n', 10, 25, 2, 'dulces_06', 0, 3, 0),
(110, 'Uchepos', 11, 12, '<p>&#8220;Uchepos</p>\n\n<p>• Desgrane los elotes y licue los granos con un poco de la nata.<br />\n• Bata el resto de la nata con el azúcar y el polvo para hornear; integre esta mezcla a los granos licuados.<br />\n• Coloque en cada hoja de elote una porción de la masa y forme los tamales.<br />\n• Cueza en la vaporera durante 1 hora o hasta que se despeguen fácilmente de la hoja. </p>\n\n<p><br />\nPresentación</p>\n\n<p>• Sírvalos con la crema.</p>\n\n<p><br />\nEste tamal tradicional michoacano es perfecto para acompañarlo con un atole. Usualmente se consumen con crema, aunque en ocasiones también puede hacer <br />\nla función de un platillo salado si se acompaña con salsa de jitomate y queso.&#8221;</p>\n\n', '<p>&#8220;Ingredientes para 12 porciones:</p>\n\n<p>Uchepos</p>\n\n<p>12 elotes tiernos<br />\n3 tazas de nata<br />\n1 taza de azúcar<br />\n1 cucharada de polvo para hornear<br />\nc/s de hojas de elote</p>\n\n<p><br />\nPresentación</p>\n\n<p>crema ácida (opcional)</p>\n\n<p><br />\nMaterial específico</p>\n\n<p>1 vaporera&#8221;</p>\n\n', 20, 60, 2, 'dulces_07', 0, 2, 0),
(111, 'Atoles de arroz', 12, 12, '<p>&#8220;• Enjuague ligeramente el arroz y cuézalo con el agua hasta que esté suave. Añada la leche, el azúcar y la canela, moviendo ocasionalmente hasta que espese ligeramente. Verifique el azúcar y sirva caliente.</p>\n\n<p><br />\nLlamado también “arrocito” es típico de las mañanas de la ciudad de México, donde casi de manera obligada es acompañante de un tamal o de una “guajolota” <br />\nque no es otra cosa que una torta de tamal.&#8221;</p>\n\n', '<p>&#8220;Ingredientes para 4-6 porciones:</p>\n\n<p>½ taza de arroz<br />\n2 tazas de agua<br />\n4 tazas de leche<br />\n¾ de taza de azúcar<br />\n1 raja de canela&#8221;</p>\n\n', 5, 30, 2, 'bebidas_01', 0, 0, 0),
(112, 'Atole de cacahuate', 12, 12, '<p>&#8220;• Muela el cacahuate en seco. Mezcle con la leche y el azúcar, vuelva a moler muy bien y cuele. Reserve.<br />\n• Disuelva la harina de maíz en el agua y ponga en un recipiente sobre fuego bajo con la canela y la cáscara de naranja; mueva constantemente. Cuando espese, añada el cacahuate molido con la leche; continúe moviendo el atole hasta que espese de nuevo. Verifique el azúcar, retire del fuego y sirva.&#8221;</p>\n\n', '<p>&#8220;Ingredientes para 4-6 porciones:</p>\n\n<p>125 g de cacahuates pelados y tostados<br />\n1 l de leche<br />\n250 g de azúcar<br />\n50 g de harina de maíz<br />\n½ l de agua<br />\n1 raja de canela<br />\n1 trozo de cáscara de naranja&#8221;</p>\n\n', 10, 25, 2, 'bebidas_02', 0, 2, 0),
(113, 'Café de la olla', 12, 12, '<p>&#8220;• Encaje los clavos en la naranja y haga incisiones en la superficie de la misma con un cuchillo.<br />\n• Caliente el agua en una olla; en cuanto hierva, agregue la naranja, la canela y el piloncillo; deje hervir a fuego medio por 10 minutos.<br />\n• Añada el café, y cuando hierva nuevamente, retire del fuego. Tape y deje re­posar durante 5 minutos. Cuele y sirva.&#8221;</p>\n\n', '<p>&#8220;Ingredientes para 10-12 porciones:</p>\n\n<p>5 clavos<br />\n1 naranja entera<br />\n3 l de agua<br />\n2 rajas de canela<br />\n1 cono grande de piloncillo, rallado <br />\no al gusto<br />\n1 taza de café de grano recién molido&#8221;</p>\n\n', 5, 15, 2, 'bebidas_03', 0, 2, 0),
(114, 'Champurrado', 12, 12, '<p>&#8220;• Hierva en la mitad del agua la canela, el piloncillo y el chocolate hasta que estos últimos se disuelvan.<br />\n• Mezcle la masa en el resto del agua fría y cuele. Añada esta masa al agua endulzada con el piloncillo y el chocolate.<br />\n• Hierva a fuego bajo hasta obtener la consistencia deseada.</p>\n\n<p><br />\nÉsta es una de las formas más tradicionales de preparar el chocolate en Oaxaca. Acompáñelo con un pan de yema.&#8221;</p>\n\n', '<p>&#8220;Ingredientes para 4-6 porciones:</p>\n\n<p>5 tazas de agua<br />\n1 raja de canela<br />\n1 cono grande de piloncillo<br />\n1 tableta de chocolate de metate<br />\n1 taza de masa de maíz&#8221;</p>\n\n', 5, 20, 2, 'bebidas_04', 0, 2, 0),
(115, 'Chocolate de agua', 12, 12, '<p>&#8220;• Ponga a calentar el agua con la canela. Cuando hierva, agregue el chocolate; deje hervir hasta que se deshaga el chocolate.<br />\n• Retire del fuego y deseche la canela. Bata con el molinillo o con un batidor manual para que se forme espuma en la superficie. Sirva inmediatamente.&#8221;</p>\n\n', '<p>&#8220;Ingredientes para 4-6 porciones:</p>\n\n<p>1 l de agua<br />\n1 raja de canela<br />\n100 g de chocolate de metate&#8221;</p>\n\n', 10, 10, 3, 'bebidas_05', 0, 2, 0),
(116, 'Chocolate de leche', 12, 12, '<p>&#8220;• Ponga a hervir la leche con la canela. Agregue el chocolate y deje hervir hasta que se deshaga el chocolate.<br />\n• Retire del fuego y deseche la canela. Bata con el molinillo o con un batidor manual para que se forme espuma en la superficie. Sirva inmediatamente.&#8221;</p>\n\n', '<p>&#8220;Ingredientes para 4-6 porciones:</p>\n\n<p>1 l de leche<br />\n1 raja de canela<br />\n100 g de chocolate de metate&#8221;</p>\n\n', 10, 10, 2, 'bebidas_06', 0, 0, 0),
(117, 'Licuado de plátano con leche', 12, 12, '<p>• Licue todos los ingredientes y sirva.</p>\n\n', '<p>&#8220;Ingredientes para 4-6 porciones:</p>\n\n<p>1 l de leche<br />\n2 plátanos<br />\n3 cucharadas de chocolate en polvo<br />\n1 cucharadita de esencia de vainilla<br />\n1 cucharadita de canela en polvo<br />\nazúcar al gusto<br />\n&#8220;</p>\n\n', 5, 5, 2, 'bebidas_07', 0, 1, 0),
(118, 'Batido de mango', 12, 12, '<p>&#8220;• Extraiga la pulpa de los mangos y deseche las cáscaras y las semillas.<br />\n• Licue la pulpa de los mangos con la leche y la crema de coco. Sirva inmediatamente.</p>\n\n<p><br />\nSi fuera necesario, agregue azúcar al batido.&#8221;</p>\n\n', '<p>&#8220;Ingredientes para 4-6 porciones:</p>\n\n<p>2 mangos maduros<br />\n750 ml de leche<br />\n250 ml de crema de coco&#8221;</p>\n\n', 5, 0, 2, 'bebidas_08', 0, 2, 0),
(119, 'Jugo verde', 12, 12, '<p>• Muela todos los ingredientes y sirva el jugo acompañado con el limón.</p>\n\n', '<p>&#8220;Ingredientes para 4-6 porciones:</p>\n\n<p>1 l de jugo de naranja<br />\n2 ramas de apio<br />\n1 taza de hojas de alfalfa<br />\n1 nopal tierno<br />\n½ rebanada de piña<br />\n1 guayaba<br />\n2 cucharadas de pingüica<br />\nmiel al gusto<br />\nlimones partidos a la mitad, al gusto&#8221;</p>\n\n', 5, 0, 0, 'bebidas_09', 0, 2, 0),
(120, 'Vampiro', 12, 12, '<p>&#8220;• Pase por un extractor de jugos el betabel y las zanahorias.<br />\n• Mezcle los 3 jugos y sirva.&#8221;</p>\n\n', '<p>&#8220;Ingredientes para 4-6 porciones:</p>\n\n<p>1 betabel pelado<br />\n2 zanahorias peladas<br />\n1 l de jugo de naranja&#8221;</p>\n\n', 10, 0, 1, 'bebidas_10', 0, 1, 0);

-- --------------------------------------------------------

--
-- Estructura de tabla para la tabla `recetas_complementarias`
--

CREATE TABLE IF NOT EXISTS `recetas_complementarias` (
  `id` int(11) NOT NULL AUTO_INCREMENT,
  `id_app` int(11) NOT NULL,
  `titulo` text NOT NULL,
  `contenido` text NOT NULL,
  PRIMARY KEY (`id`)
) ENGINE=InnoDB  DEFAULT CHARSET=latin1 AUTO_INCREMENT=18 ;

--
-- Volcar la base de datos para la tabla `recetas_complementarias`
--

INSERT INTO `recetas_complementarias` (`id`, `id_app`, `titulo`, `contenido`) VALUES
(9, 12, 'frijoles charros', '“INGREDIENTES\r\n\r\n125 g de frijoles bayos remojados desde la noche anterior\r\n1½ l de agua\r\n50 g de tocino picado\r\n75 g de chorizo desmenuzado\r\n½ cebolla picada\r\n½ cucharada de ajo picado finamente\r\n1½ jitomates picados\r\n1½ cucharadas de chile serrano picado finamente\r\n¼ de taza de cilantro picado\r\ntrozos de chicharrón al gusto\r\nsal al gusto\r\n\r\nPREPARACIÓN\r\n\r\n• Cueza los frijoles con el agua hasta que estén suaves; en olla de presión 30 minutos y en olla normal, 2 horas.\r\n• Fría el tocino en una cazuela a fuego medio hasta que se dore ligeramente y suelte su grasa; agregue el chorizo, deje dorar un poco y añada la cebolla, el ajo, los jitomates, el chile y sal; deje que todo se sofría muy bien.\r\n• Añada el sofrito de tocino cuando los frijoles estén cocidos y suaves, y deje cocer durante 10 minutos más.\r\n• Pruebe, ajuste la cantidad de sal y agregue el cilantro y el chicharrón poco antes de servir los frijoles.”\r\n\r\n'),
(10, 12, 'frijoles de la olla', '“INGREDIENTES\r\n\r\n250 g de frijoles limpios, remojados desde la noche anterior y drenados\r\n½ cebolla\r\n1 diente de ajo\r\n1½ l de agua\r\n1½ cucharadas de manteca de cerdo\r\n1 rama de epazote\r\nsal al gusto\r\n\r\nPROCEDIMIENTO\r\n\r\n• Coloque los frijoles, la cebolla, el diente de ajo y 1 litro de agua dentro de una olla de presión, cierre y ponga sobre el fuego. Cuente de 30 a 35 minutos de cocción a partir de que empiece a escapar el vapor de la olla.\r\n• Retire del fuego, deje enfriar por completo la olla, destápela y añada la manteca, el epazote, sal, y si lo desea, el agua restante. Ponga a hervir nuevamente para que se integren los sabores. Reserve.”\r\n\r\n'),
(11, 12, 'frijoles refritos', 'INGREDIENTES\r\n\r\n3 tazas de frijoles de la olla con su caldo\r\n1?3 de taza de manteca de cerdo\r\n2 cucharadas de cebolla picada finamente\r\n\r\nPREPARACIÓN\r\n\r\n• Machaque los frijoles con el caldo hasta que estén bien triturados.\r\n• Caliente en un sartén la manteca a fuego alto, espere a que humee ligeramente y fría la cebolla hasta que esté muy dorada, casi negra. Añada los frijoles machacados y mueva constantemente, de lo contrario se pegarán al fondo; la preparación espesará en unos minutos. Después de un tiempo notará que los frijoles se habrán vuelto una masa que se mantiene unida; esa es la consistencia deseada. Reserve.'),
(12, 12, 'rajas con elote', 'INGREDIENTES\r\n\r\n1 cucharada de aceite\r\n¼ de cebolla fileteada\r\n½ taza de granos de elote precocidos\r\n2 chiles poblano asados pelados, sin semillas ni venas y cortados en rajas\r\nsal al gusto\r\n\r\nPREPARACIÓN\r\n\r\n• Caliente el aceite y acitrone la cebolla. Incorpore los granos de elote y las rajas, añada sal y retire del fuego. Reserve.'),
(13, 12, 'salsa roja', 'INGREDIENTES\r\n\r\n½ kg de jitomate\r\n2 chiles de árbol frescos, grandes\r\n¼ de cebolla picada\r\n2 dientes de ajo chicos\r\nsal al gusto\r\n\r\nPREPARACIÓN\r\n\r\n• Ase el jitomate, los chiles, la cebolla y los ajos; deje reposar por 20 minutos.\r\n• Licue los ingredientes asados con sal; reserve.'),
(14, 12, 'salsa verde', 'INGREDIENTES\r\n\r\n½ kg de tomates troceados\r\n3 chiles de árbol frescos\r\n¼ de taza de cebolla picada\r\n½ cucharadita de ajo picado\r\n¼ de taza de cilantro fresco picado\r\nsal al gusto\r\n\r\nPREPARACIÓN\r\n\r\n• Licue los tomates con los chiles hasta que obtenga una salsa tersa.\r\n• Añada la cebolla, el ajo, el cilantro, la sal y licue nuevamente; reserve.\r\n\r\n'),
(15, 0, '<p>Prueba de nueva receta complementaria</p>', 'Este es un ejemplo de una receta complementaria.\r\n\r\na su vez contiene saltos de linea.\r\n\r\n'),
(16, 0, 'adsfs', 'Test'),
(17, 18, 'Editado2', 'asdadsa\r\nsd\r\nas\r\nd\r\nas\r\nd\r\nas\r\ndasd\r\n');

-- --------------------------------------------------------

--
-- Estructura de tabla para la tabla `receta_glosario`
--

CREATE TABLE IF NOT EXISTS `receta_glosario` (
  `id` int(11) NOT NULL AUTO_INCREMENT,
  `id_receta` int(11) NOT NULL,
  `id_glosario` int(11) NOT NULL,
  PRIMARY KEY (`id`),
  KEY `id_receta_idx` (`id_receta`),
  KEY `id_glosario_idx` (`id_glosario`)
) ENGINE=InnoDB  DEFAULT CHARSET=latin1 AUTO_INCREMENT=258 ;

--
-- Volcar la base de datos para la tabla `receta_glosario`
--

INSERT INTO `receta_glosario` (`id`, `id_receta`, `id_glosario`) VALUES
(142, 60, 174),
(143, 61, 158),
(144, 62, 159),
(145, 63, 160),
(146, 63, 161),
(147, 64, 162),
(148, 65, 163),
(149, 66, 164),
(150, 67, 165),
(151, 67, 166),
(152, 68, 170),
(153, 69, 171),
(154, 69, 172),
(155, 70, 173),
(156, 70, 174),
(157, 71, 163),
(158, 71, 175),
(159, 72, 176),
(160, 72, 177),
(161, 72, 178),
(162, 73, 155),
(163, 73, 197),
(164, 73, 156),
(165, 73, 165),
(166, 73, 169),
(167, 74, 167),
(168, 74, 156),
(169, 75, 157),
(170, 75, 158),
(171, 76, 158),
(172, 76, 208),
(173, 77, 158),
(174, 78, 159),
(175, 79, 160),
(176, 79, 161),
(177, 80, 162),
(178, 81, 163),
(179, 82, 164),
(180, 83, 165),
(181, 83, 166),
(182, 84, 167),
(183, 84, 168),
(184, 84, 169),
(185, 84, 158),
(186, 85, 170),
(187, 86, 171),
(188, 86, 172),
(189, 87, 173),
(190, 87, 174),
(191, 88, 163),
(192, 88, 175),
(193, 89, 176),
(194, 89, 177),
(195, 89, 178),
(196, 90, 163),
(197, 90, 179),
(198, 90, 168),
(199, 90, 161),
(200, 90, 158),
(201, 90, 180),
(202, 91, 159),
(203, 91, 158),
(204, 91, 175),
(205, 92, 181),
(206, 92, 159),
(207, 93, 165),
(208, 93, 182),
(209, 93, 156),
(210, 93, 159),
(211, 93, 163),
(212, 93, 210),
(213, 94, 165),
(214, 94, 184),
(215, 96, 186),
(216, 96, 187),
(217, 96, 188),
(218, 97, 166),
(219, 97, 174),
(220, 97, 183),
(221, 98, 189),
(222, 98, 163),
(224, 98, 190),
(225, 99, 191),
(226, 99, 192),
(227, 99, 156),
(228, 99, 183),
(229, 99, 176),
(230, 99, 193),
(232, 100, 176),
(234, 100, 195),
(235, 100, 191),
(236, 101, 196),
(237, 101, 211),
(238, 102, 196),
(239, 102, 163),
(240, 103, 197),
(241, 103, 178),
(242, 103, 159),
(243, 104, 198),
(244, 104, 199),
(245, 105, 200),
(246, 105, 176),
(247, 106, 200),
(248, 107, 201),
(249, 108, 202),
(250, 109, 203),
(251, 110, 204),
(252, 111, 205),
(253, 112, 205),
(254, 113, 203),
(255, 115, 206),
(256, 116, 206),
(257, 119, 207);

-- --------------------------------------------------------

--
-- Estructura de tabla para la tabla `relaciones`
--

CREATE TABLE IF NOT EXISTS `relaciones` (
  `id_receta` int(11) NOT NULL,
  `id_receta_complementaria` int(11) NOT NULL
) ENGINE=InnoDB DEFAULT CHARSET=latin1;

--
-- Volcar la base de datos para la tabla `relaciones`
--

INSERT INTO `relaciones` (`id_receta`, `id_receta_complementaria`) VALUES
(59, 10),
(63, 11),
(64, 11),
(64, 14),
(65, 11),
(66, 10),
(68, 14),
(68, 13),
(68, 11),
(69, 11),
(72, 10),
(75, 10),
(79, 11),
(80, 11),
(80, 14),
(81, 11),
(82, 10),
(85, 14),
(85, 13),
(85, 11),
(86, 11),
(89, 10),
(91, 11),
(92, 12),
(95, 9),
(98, 11);

-- --------------------------------------------------------

--
-- Estructura de tabla para la tabla `video`
--

CREATE TABLE IF NOT EXISTS `video` (
  `id` int(11) NOT NULL AUTO_INCREMENT,
  `id_app` int(11) NOT NULL,
  `video` text NOT NULL,
  `titulo` text NOT NULL,
  PRIMARY KEY (`id`)
) ENGINE=InnoDB  DEFAULT CHARSET=latin1 AUTO_INCREMENT=19 ;

--
-- Volcar la base de datos para la tabla `video`
--

INSERT INTO `video` (`id`, `id_app`, `video`, `titulo`) VALUES
(7, 12, 'limpiarchiles_cg', 'Limpiar chiles frescos y secos'),
(8, 12, 'cortarcebolla_cg', 'Cómo picar una cebolla'),
(9, 12, 'cortesverduras_cg', 'Cortes de verduras'),
(18, 18, 'video_bueno', 'como cortar chiles');

-- --------------------------------------------------------

--
-- Estructura de tabla para la tabla `videos_x_receta`
--

CREATE TABLE IF NOT EXISTS `videos_x_receta` (
  `id` int(11) NOT NULL AUTO_INCREMENT,
  `id_video` int(11) NOT NULL,
  `id_receta` int(11) NOT NULL,
  PRIMARY KEY (`id`)
) ENGINE=InnoDB  DEFAULT CHARSET=latin1 AUTO_INCREMENT=17 ;

--
-- Volcar la base de datos para la tabla `videos_x_receta`
--

INSERT INTO `videos_x_receta` (`id`, `id_video`, `id_receta`) VALUES
(1, 1, 57),
(2, 4, 57),
(3, 5, 57),
(4, 7, 82),
(5, 8, 82),
(6, 9, 83),
(7, 9, 84),
(8, 8, 84),
(9, 7, 87),
(10, 7, 91),
(11, 8, 91),
(12, 8, 93),
(13, 7, 94),
(14, 7, 96),
(15, 8, 96),
(16, 7, 99);

--
-- Filtros para las tablas descargadas (dump)
--

--
-- Filtros para la tabla `recetas`
--
ALTER TABLE `recetas`
  ADD CONSTRAINT `id_app` FOREIGN KEY (`id_app`) REFERENCES `app` (`id`) ON DELETE CASCADE ON UPDATE CASCADE;

--
-- Filtros para la tabla `receta_glosario`
--
ALTER TABLE `receta_glosario`
  ADD CONSTRAINT `id_glosario` FOREIGN KEY (`id_glosario`) REFERENCES `glosario` (`id`) ON DELETE CASCADE ON UPDATE CASCADE,
  ADD CONSTRAINT `id_receta` FOREIGN KEY (`id_receta`) REFERENCES `recetas` (`id`) ON DELETE CASCADE ON UPDATE CASCADE;
